id,latitude,longitude,timestamp,type,hole,color,visibility_status,time_since_last_sighting_min,pulsing,total_orders,total_revenue,avg_per_order,revenue_per_hour,avg_order_time_min
golfer_group_1,34.0379,-84.5928,14400.0,golfer,1,#007cbf,,,,,,,,
golfer_group_1,34.03815279090035,-84.5925927027726,14460.0,golfer,1,#007cbf,,,,,,,,
golfer_group_1,34.03835123973532,-84.59233276840705,14520.0,golfer,1,#007cbf,,,,,,,,
golfer_group_1,34.03846425725406,-84.59199008304618,14580.0,golfer,1,#007cbf,,,,,,,,
golfer_group_1,34.03857727477281,-84.59164739768532,14640.0,golfer,1,#007cbf,,,,,,,,
golfer_group_1,34.038690292291555,-84.59130471232447,14700.0,golfer,1,#007cbf,,,,,,,,
golfer_group_1,34.0388033098103,-84.59096202696361,14760.0,golfer,1,#007cbf,,,,,,,,
golfer_group_1,34.03891632732905,-84.59061934160275,14820.0,golfer,1,#007cbf,,,,,,,,
golfer_group_1,34.03902934484779,-84.5902766562419,14880.0,golfer,1,#007cbf,,,,,,,,
golfer_group_1,34.03915498151587,-84.58994311724304,14940.0,golfer,1,#007cbf,,,,,,,,
golfer_group_1,34.03935257701742,-84.58966173402132,15000.0,golfer,1,#007cbf,,,,,,,,
golfer_group_1,34.03955017251896,-84.58938035079959,15060.0,golfer,1,#007cbf,,,,,,,,
golfer_group_1,34.0397477680205,-84.58909896757785,15120.0,golfer,1,#007cbf,,,,,,,,
golfer_group_1,34.039960963741954,-84.58883870909989,15180.0,golfer,1,#007cbf,,,,,,,,
golfer_group_1,34.0402152614799,-84.58863410814281,15240.0,golfer,2,#007cbf,,,,,,,,
golfer_group_1,34.04046955921785,-84.58842950718574,15300.0,golfer,2,#007cbf,,,,,,,,
golfer_group_1,34.04073229108471,-84.58829822885049,15360.0,golfer,2,#007cbf,,,,,,,,
golfer_group_1,34.04102315362346,-84.58841150625273,15420.0,golfer,2,#007cbf,,,,,,,,
golfer_group_1,34.04131401616222,-84.58852478365496,15480.0,golfer,2,#007cbf,,,,,,,,
golfer_group_1,34.04160487870097,-84.5886380610572,15540.0,golfer,2,#007cbf,,,,,,,,
golfer_group_1,34.04189574123973,-84.58875133845943,15600.0,golfer,2,#007cbf,,,,,,,,
golfer_group_1,34.042186603778475,-84.58886461586168,15660.0,golfer,2,#007cbf,,,,,,,,
golfer_group_1,34.04247746631723,-84.58897789326392,15720.0,golfer,2,#007cbf,,,,,,,,
golfer_group_1,34.042768328855985,-84.58909117066615,15780.0,golfer,2,#007cbf,,,,,,,,
golfer_group_1,34.04305919139474,-84.58920444806839,15840.0,golfer,2,#007cbf,,,,,,,,
golfer_group_1,34.043247893201055,-84.58946220758558,15900.0,golfer,2,#007cbf,,,,,,,,
golfer_group_1,34.043386336501754,-84.58979104583345,15960.0,golfer,2,#007cbf,,,,,,,,
golfer_group_1,34.04352477980246,-84.59011988408133,16020.0,golfer,3,#007cbf,,,,,,,,
golfer_group_1,34.04366322310316,-84.5904487223292,16080.0,golfer,3,#007cbf,,,,,,,,
golfer_group_1,34.043801666403866,-84.59077756057708,16140.0,golfer,3,#007cbf,,,,,,,,
golfer_group_1,34.04391127065408,-84.59111857018165,16200.0,golfer,3,#007cbf,,,,,,,,
golfer_group_1,34.043972800141226,-84.59147986946564,16260.0,golfer,3,#007cbf,,,,,,,,
golfer_group_1,34.04400028315852,-84.59183942074687,16320.0,golfer,3,#007cbf,,,,,,,,
golfer_group_1,34.04391355242437,-84.59219310810283,16380.0,golfer,3,#007cbf,,,,,,,,
golfer_group_1,34.043826821690224,-84.59254679545882,16440.0,golfer,3,#007cbf,,,,,,,,
golfer_group_1,34.04374009095608,-84.5929004828148,16500.0,golfer,3,#007cbf,,,,,,,,
golfer_group_1,34.04365336022193,-84.59325417017077,16560.0,golfer,3,#007cbf,,,,,,,,
golfer_group_1,34.043566629487785,-84.59360785752675,16620.0,golfer,3,#007cbf,,,,,,,,
golfer_group_1,34.04361510219341,-84.59385184079204,16680.0,golfer,3,#007cbf,,,,,,,,
golfer_group_1,34.04391923167398,-84.59388838411294,16740.0,golfer,3,#007cbf,,,,,,,,
golfer_group_1,34.04421645589678,-84.59396442253092,16800.0,golfer,3,#007cbf,,,,,,,,
golfer_group_1,34.04450689160682,-84.59407928831482,16860.0,golfer,4,#007cbf,,,,,,,,
golfer_group_1,34.044797327316864,-84.59419415409873,16920.0,golfer,4,#007cbf,,,,,,,,
golfer_group_1,34.045087763026906,-84.59430901988263,16980.0,golfer,4,#007cbf,,,,,,,,
golfer_group_1,34.04537819873694,-84.59442388566654,17040.0,golfer,4,#007cbf,,,,,,,,
golfer_group_1,34.04566863444698,-84.59453875145046,17100.0,golfer,4,#007cbf,,,,,,,,
golfer_group_1,34.045959070157025,-84.59465361723436,17160.0,golfer,4,#007cbf,,,,,,,,
golfer_group_1,34.04624950586707,-84.59476848301827,17220.0,golfer,4,#007cbf,,,,,,,,
golfer_group_1,34.04654785117958,-84.59475949968787,17280.0,golfer,4,#007cbf,,,,,,,,
golfer_group_1,34.04684944166004,-84.59469970328865,17340.0,golfer,4,#007cbf,,,,,,,,
golfer_group_1,34.04715103214049,-84.59463990688944,17400.0,golfer,4,#007cbf,,,,,,,,
golfer_group_1,34.047452622620945,-84.59458011049023,17460.0,golfer,4,#007cbf,,,,,,,,
golfer_group_1,34.047724366239,-84.59442590662819,17520.0,golfer,4,#007cbf,,,,,,,,
golfer_group_1,34.04786228337494,-84.59424990112493,17580.0,golfer,4,#007cbf,,,,,,,,
golfer_group_1,34.04756744650564,-84.59415272751936,17640.0,golfer,5,#007cbf,,,,,,,,
golfer_group_1,34.04727260963633,-84.59405555391379,17700.0,golfer,5,#007cbf,,,,,,,,
golfer_group_1,34.04697777276702,-84.59395838030822,17760.0,golfer,5,#007cbf,,,,,,,,
golfer_group_1,34.04668293589772,-84.59386120670266,17820.0,golfer,5,#007cbf,,,,,,,,
golfer_group_1,34.04638809902841,-84.59376403309709,17880.0,golfer,5,#007cbf,,,,,,,,
golfer_group_1,34.04609326215911,-84.59366685949152,17940.0,golfer,5,#007cbf,,,,,,,,
golfer_group_1,34.0457984252898,-84.59356968588595,18000.0,golfer,5,#007cbf,,,,,,,,
golfer_group_1,34.0454965286139,-84.59352586311597,18060.0,golfer,5,#007cbf,,,,,,,,
golfer_group_1,34.04519127968502,-84.59350737326338,18120.0,golfer,5,#007cbf,,,,,,,,
golfer_group_1,34.04490500562787,-84.59359581198468,18180.0,golfer,5,#007cbf,,,,,,,,
golfer_group_1,34.04463280333707,-84.59376354894478,18240.0,golfer,5,#007cbf,,,,,,,,
golfer_group_1,34.04436060104628,-84.59393128590487,18300.0,golfer,5,#007cbf,,,,,,,,
golfer_group_1,34.044088398755484,-84.59409902286497,18360.0,golfer,5,#007cbf,,,,,,,,
golfer_group_1,34.04381619646469,-84.59426675982506,18420.0,golfer,6,#007cbf,,,,,,,,
golfer_group_1,34.04382793810143,-84.59441811560704,18480.0,golfer,6,#007cbf,,,,,,,,
golfer_group_1,34.0441121573064,-84.59455375172344,18540.0,golfer,6,#007cbf,,,,,,,,
golfer_group_1,34.04439637651138,-84.59468938783985,18600.0,golfer,6,#007cbf,,,,,,,,
golfer_group_1,34.04468059571635,-84.59482502395625,18660.0,golfer,6,#007cbf,,,,,,,,
golfer_group_1,34.04496481492133,-84.59496066007266,18720.0,golfer,6,#007cbf,,,,,,,,
golfer_group_1,34.0452490341263,-84.59509629618906,18780.0,golfer,6,#007cbf,,,,,,,,
golfer_group_1,34.04553325333127,-84.59523193230547,18840.0,golfer,6,#007cbf,,,,,,,,
golfer_group_1,34.04581747253625,-84.59536756842186,18900.0,golfer,6,#007cbf,,,,,,,,
golfer_group_1,34.04610834697806,-84.59547336145516,18960.0,golfer,6,#007cbf,,,,,,,,
golfer_group_1,34.04641058232508,-84.59552821048055,19020.0,golfer,6,#007cbf,,,,,,,,
golfer_group_1,34.046712817672095,-84.59558305950593,19080.0,golfer,6,#007cbf,,,,,,,,
golfer_group_1,34.047015053019116,-84.5956379085313,19140.0,golfer,6,#007cbf,,,,,,,,
golfer_group_1,34.04720589975696,-84.59578559768065,19200.0,golfer,6,#007cbf,,,,,,,,
golfer_group_1,34.04714136122655,-84.59614614521955,19260.0,golfer,7,#007cbf,,,,,,,,
golfer_group_1,34.04693896282462,-84.59627613590516,19320.0,golfer,7,#007cbf,,,,,,,,
golfer_group_1,34.04663510426321,-84.59623644461699,19380.0,golfer,7,#007cbf,,,,,,,,
golfer_group_1,34.0463312457018,-84.59619675332883,19440.0,golfer,7,#007cbf,,,,,,,,
golfer_group_1,34.04602738714039,-84.59615706204066,19500.0,golfer,7,#007cbf,,,,,,,,
golfer_group_1,34.04572352857898,-84.5961173707525,19560.0,golfer,7,#007cbf,,,,,,,,
golfer_group_1,34.04541967001757,-84.59607767946432,19620.0,golfer,7,#007cbf,,,,,,,,
golfer_group_1,34.045115811456164,-84.59603798817615,19680.0,golfer,7,#007cbf,,,,,,,,
golfer_group_1,34.04481392820607,-84.59598659762759,19740.0,golfer,7,#007cbf,,,,,,,,
golfer_group_1,34.044521427225185,-84.59587963831368,19800.0,golfer,7,#007cbf,,,,,,,,
golfer_group_1,34.0442289262443,-84.59577267899978,19860.0,golfer,7,#007cbf,,,,,,,,
golfer_group_1,34.043936425263425,-84.59566571968587,19920.0,golfer,7,#007cbf,,,,,,,,
golfer_group_1,34.04364392428254,-84.59555876037196,19980.0,golfer,7,#007cbf,,,,,,,,
golfer_group_1,34.04335142330166,-84.59545180105805,20040.0,golfer,8,#007cbf,,,,,,,,
golfer_group_1,34.04305826681546,-84.59538876688445,20100.0,golfer,8,#007cbf,,,,,,,,
golfer_group_1,34.042762764223475,-84.59548294428654,20160.0,golfer,8,#007cbf,,,,,,,,
golfer_group_1,34.042467261631494,-84.59557712168865,20220.0,golfer,8,#007cbf,,,,,,,,
golfer_group_1,34.04217175903952,-84.59567129909074,20280.0,golfer,8,#007cbf,,,,,,,,
golfer_group_1,34.0418825451086,-84.59567884377844,20340.0,golfer,8,#007cbf,,,,,,,,
golfer_group_1,34.04160511186174,-84.59552409753839,20400.0,golfer,8,#007cbf,,,,,,,,
golfer_group_1,34.04132767861489,-84.59536935129833,20460.0,golfer,8,#007cbf,,,,,,,,
golfer_group_1,34.04105024536804,-84.59521460505827,20520.0,golfer,8,#007cbf,,,,,,,,
golfer_group_1,34.04077281212118,-84.59505985881822,20580.0,golfer,8,#007cbf,,,,,,,,
golfer_group_1,34.04079789267186,-84.59513666072475,20640.0,golfer,8,#007cbf,,,,,,,,
golfer_group_1,34.04103214586005,-84.59537356619327,20700.0,golfer,8,#007cbf,,,,,,,,
golfer_group_1,34.04126639904824,-84.59561047166179,20760.0,golfer,8,#007cbf,,,,,,,,
golfer_group_1,34.04127275312328,-84.59572675568867,20820.0,golfer,9,#007cbf,,,,,,,,
golfer_group_1,34.04096966466966,-84.59567925933311,20880.0,golfer,9,#007cbf,,,,,,,,
golfer_group_1,34.04066657621604,-84.59563176297756,20940.0,golfer,9,#007cbf,,,,,,,,
golfer_group_1,34.04036348776243,-84.595584266622,21000.0,golfer,9,#007cbf,,,,,,,,
golfer_group_1,34.04006039930881,-84.59553677026643,21060.0,golfer,9,#007cbf,,,,,,,,
golfer_group_1,34.03975731085519,-84.59548927391087,21120.0,golfer,9,#007cbf,,,,,,,,
golfer_group_1,34.039454222401574,-84.59544177755531,21180.0,golfer,9,#007cbf,,,,,,,,
golfer_group_1,34.0391746980217,-84.59534563879554,21240.0,golfer,9,#007cbf,,,,,,,,
golfer_group_1,34.038991711683906,-84.59505022029673,21300.0,golfer,9,#007cbf,,,,,,,,
golfer_group_1,34.03880872534612,-84.59475480179792,21360.0,golfer,9,#007cbf,,,,,,,,
golfer_group_1,34.03862573900834,-84.59445938329911,21420.0,golfer,9,#007cbf,,,,,,,,
golfer_group_1,34.038442752670555,-84.5941639648003,21480.0,golfer,9,#007cbf,,,,,,,,
golfer_group_1,34.03826384971107,-84.59386503819965,21540.0,golfer,9,#007cbf,,,,,,,,
golfer_group_1,34.03809233520457,-84.59355976404959,21600.0,golfer,9,#007cbf,,,,,,,,
golfer_group_1,34.03792082069807,-84.59325448989952,21660.0,golfer,10,#007cbf,,,,,,,,
golfer_group_1,34.037749306191564,-84.59294921574946,21720.0,golfer,10,#007cbf,,,,,,,,
golfer_group_1,34.03757779168507,-84.59264394159939,21780.0,golfer,10,#007cbf,,,,,,,,
golfer_group_1,34.03740627717856,-84.59233866744933,21840.0,golfer,10,#007cbf,,,,,,,,
golfer_group_1,34.037234762672064,-84.59203339329926,21900.0,golfer,10,#007cbf,,,,,,,,
golfer_group_1,34.03697757517897,-84.59184109340879,21960.0,golfer,10,#007cbf,,,,,,,,
golfer_group_1,34.03671042784082,-84.59166192725118,22020.0,golfer,10,#007cbf,,,,,,,,
golfer_group_1,34.036443280502674,-84.59148276109359,22080.0,golfer,10,#007cbf,,,,,,,,
golfer_group_1,34.03617613316453,-84.591303594936,22140.0,golfer,10,#007cbf,,,,,,,,
golfer_group_1,34.03590898582638,-84.5911244287784,22200.0,golfer,10,#007cbf,,,,,,,,
golfer_group_1,34.03564183848823,-84.5909452626208,22260.0,golfer,10,#007cbf,,,,,,,,
golfer_group_1,34.03537469115008,-84.59076609646321,22320.0,golfer,10,#007cbf,,,,,,,,
golfer_group_1,34.0350694994575,-84.59078348370237,22380.0,golfer,10,#007cbf,,,,,,,,
golfer_group_1,34.03476422339275,-84.59080130684423,22440.0,golfer,11,#007cbf,,,,,,,,
golfer_group_1,34.034458947328005,-84.59081912998607,22500.0,golfer,11,#007cbf,,,,,,,,
golfer_group_1,34.034153671263255,-84.59083695312792,22560.0,golfer,11,#007cbf,,,,,,,,
golfer_group_1,34.0340966535337,-84.59108011895599,22620.0,golfer,11,#007cbf,,,,,,,,
golfer_group_1,34.0341671113486,-84.59143899361452,22680.0,golfer,11,#007cbf,,,,,,,,
golfer_group_1,34.034184934266406,-84.59174523468462,22740.0,golfer,11,#007cbf,,,,,,,,
golfer_group_1,34.03387962164839,-84.59172834825311,22800.0,golfer,11,#007cbf,,,,,,,,
golfer_group_1,34.033574309030364,-84.59171146182159,22860.0,golfer,11,#007cbf,,,,,,,,
golfer_group_1,34.033268996412346,-84.59169457539008,22920.0,golfer,11,#007cbf,,,,,,,,
golfer_group_1,34.03296368379433,-84.59167768895857,22980.0,golfer,11,#007cbf,,,,,,,,
golfer_group_1,34.03265837117631,-84.59166080252704,23040.0,golfer,11,#007cbf,,,,,,,,
golfer_group_1,34.03235305855829,-84.59164391609553,23100.0,golfer,11,#007cbf,,,,,,,,
golfer_group_1,34.032047745940275,-84.59162702966402,23160.0,golfer,11,#007cbf,,,,,,,,
golfer_group_1,34.03174243332225,-84.5916101432325,23220.0,golfer,12,#007cbf,,,,,,,,
golfer_group_1,34.03143712070423,-84.59159325680099,23280.0,golfer,12,#007cbf,,,,,,,,
golfer_group_1,34.03114863294639,-84.59168977813017,23340.0,golfer,12,#007cbf,,,,,,,,
golfer_group_1,34.03086713597365,-84.59183342075937,23400.0,golfer,12,#007cbf,,,,,,,,
golfer_group_1,34.03058563900091,-84.59197706338857,23460.0,golfer,12,#007cbf,,,,,,,,
golfer_group_1,34.03030414202818,-84.59212070601777,23520.0,golfer,12,#007cbf,,,,,,,,
golfer_group_1,34.03002264505544,-84.59226434864696,23580.0,golfer,12,#007cbf,,,,,,,,
golfer_group_1,34.0297411480827,-84.59240799127616,23640.0,golfer,12,#007cbf,,,,,,,,
golfer_group_1,34.02944627885076,-84.59249745891232,23700.0,golfer,12,#007cbf,,,,,,,,
golfer_group_1,34.02914552236481,-84.59256307553413,23760.0,golfer,12,#007cbf,,,,,,,,
golfer_group_1,34.02931979877151,-84.59275335798148,23820.0,golfer,12,#007cbf,,,,,,,,
golfer_group_1,34.029570801253726,-84.59296377612826,23880.0,golfer,12,#007cbf,,,,,,,,
golfer_group_1,34.029821803735935,-84.59317419427504,23940.0,golfer,12,#007cbf,,,,,,,,
golfer_group_1,34.03007280621815,-84.59338461242181,24000.0,golfer,12,#007cbf,,,,,,,,
golfer_group_1,34.030323808700366,-84.5935950305686,24060.0,golfer,13,#007cbf,,,,,,,,
golfer_group_1,34.03057481118258,-84.59380544871537,24120.0,golfer,13,#007cbf,,,,,,,,
golfer_group_1,34.03082581366479,-84.59401586686215,24180.0,golfer,13,#007cbf,,,,,,,,
golfer_group_1,34.03095630546771,-84.5943069567697,24240.0,golfer,13,#007cbf,,,,,,,,
golfer_group_1,34.030971390085114,-84.5946753020783,24300.0,golfer,13,#007cbf,,,,,,,,
golfer_group_1,34.030986474702516,-84.59504364738692,24360.0,golfer,13,#007cbf,,,,,,,,
golfer_group_1,34.03100155931991,-84.59541199269552,24420.0,golfer,13,#007cbf,,,,,,,,
golfer_group_1,34.03095714402375,-84.59574809720226,24480.0,golfer,13,#007cbf,,,,,,,,
golfer_group_1,34.030718969807126,-84.59597921091839,24540.0,golfer,13,#007cbf,,,,,,,,
golfer_group_1,34.0307462622036,-84.59619274019815,24600.0,golfer,13,#007cbf,,,,,,,,
golfer_group_1,34.03100397124988,-84.59639100674157,24660.0,golfer,13,#007cbf,,,,,,,,
golfer_group_1,34.031261680296154,-84.596589273285,24720.0,golfer,13,#007cbf,,,,,,,,
golfer_group_1,34.03151938934243,-84.59678753982843,24780.0,golfer,13,#007cbf,,,,,,,,
golfer_group_1,34.0317770983887,-84.59698580637186,24840.0,golfer,14,#007cbf,,,,,,,,
golfer_group_1,34.032034807434975,-84.59718407291528,24900.0,golfer,14,#007cbf,,,,,,,,
golfer_group_1,34.032324192566186,-84.59724454372157,24960.0,golfer,14,#007cbf,,,,,,,,
golfer_group_1,34.032629718985326,-84.59723479749589,25020.0,golfer,14,#007cbf,,,,,,,,
golfer_group_1,34.03289207264547,-84.5971792979359,25080.0,golfer,14,#007cbf,,,,,,,,
golfer_group_1,34.03286063949956,-84.59681245098318,25140.0,golfer,14,#007cbf,,,,,,,,
golfer_group_1,34.032829206353654,-84.59644560403048,25200.0,golfer,14,#007cbf,,,,,,,,
golfer_group_1,34.03279777320775,-84.59607875707776,25260.0,golfer,14,#007cbf,,,,,,,,
golfer_group_1,34.03276634006184,-84.59571191012506,25320.0,golfer,14,#007cbf,,,,,,,,
golfer_group_1,34.032734906915934,-84.59534506317235,25380.0,golfer,14,#007cbf,,,,,,,,
golfer_group_1,34.03270347377003,-84.59497821621963,25440.0,golfer,14,#007cbf,,,,,,,,
golfer_group_1,34.032677144894976,-84.59461215723742,25500.0,golfer,14,#007cbf,,,,,,,,
golfer_group_1,34.03278409938854,-84.5942666738407,25560.0,golfer,14,#007cbf,,,,,,,,
golfer_group_1,34.03286123009694,-84.59391866358185,25620.0,golfer,15,#007cbf,,,,,,,,
golfer_group_1,34.0329168023714,-84.5936703192642,25680.0,golfer,15,#007cbf,,,,,,,,
golfer_group_1,34.03322204746833,-84.59365173997762,25740.0,golfer,15,#007cbf,,,,,,,,
golfer_group_1,34.033527292565246,-84.59363316069104,25800.0,golfer,15,#007cbf,,,,,,,,
golfer_group_1,34.03383253766217,-84.59361458140445,25860.0,golfer,15,#007cbf,,,,,,,,
golfer_group_1,34.03413778275909,-84.59359600211788,25920.0,golfer,15,#007cbf,,,,,,,,
golfer_group_1,34.034443027856014,-84.59357742283129,25980.0,golfer,15,#007cbf,,,,,,,,
golfer_group_1,34.03474827295294,-84.5935588435447,26040.0,golfer,15,#007cbf,,,,,,,,
golfer_group_1,34.03505351804986,-84.59354026425812,26100.0,golfer,15,#007cbf,,,,,,,,
golfer_group_1,34.0353567576799,-84.59354017187577,26160.0,golfer,15,#007cbf,,,,,,,,
golfer_group_1,34.035647754310915,-84.59365293857522,26220.0,golfer,15,#007cbf,,,,,,,,
golfer_group_1,34.035938750941924,-84.59376570527466,26280.0,golfer,15,#007cbf,,,,,,,,
golfer_group_1,34.03622974757294,-84.5938784719741,26340.0,golfer,15,#007cbf,,,,,,,,
golfer_group_1,34.03647222469109,-84.59405504631091,26400.0,golfer,15,#007cbf,,,,,,,,
golfer_group_1,34.03659028786085,-84.59439523647232,26460.0,golfer,16,#007cbf,,,,,,,,
golfer_group_1,34.03644792995604,-84.59450675552645,26520.0,golfer,16,#007cbf,,,,,,,,
golfer_group_1,34.036143371792754,-84.59447584942251,26580.0,golfer,16,#007cbf,,,,,,,,
golfer_group_1,34.03583881362947,-84.59444494331858,26640.0,golfer,16,#007cbf,,,,,,,,
golfer_group_1,34.03553425546619,-84.59441403721465,26700.0,golfer,16,#007cbf,,,,,,,,
golfer_group_1,34.0352296973029,-84.5943831311107,26760.0,golfer,16,#007cbf,,,,,,,,
golfer_group_1,34.03492513913962,-84.59435222500677,26820.0,golfer,16,#007cbf,,,,,,,,
golfer_group_1,34.03462058097634,-84.59432131890283,26880.0,golfer,16,#007cbf,,,,,,,,
golfer_group_1,34.034352770290475,-84.5943858160542,26940.0,golfer,16,#007cbf,,,,,,,,
golfer_group_1,34.034176005044735,-84.59468668402549,27000.0,golfer,16,#007cbf,,,,,,,,
golfer_group_1,34.033999239798995,-84.59498755199677,27060.0,golfer,16,#007cbf,,,,,,,,
golfer_group_1,34.03374332204516,-84.59499641369574,27120.0,golfer,16,#007cbf,,,,,,,,
golfer_group_1,34.033453380969426,-84.59487975791409,27180.0,golfer,16,#007cbf,,,,,,,,
golfer_group_1,34.03335761518679,-84.59511523884437,27240.0,golfer,17,#007cbf,,,,,,,,
golfer_group_1,34.03333479958535,-84.59548301485985,27300.0,golfer,17,#007cbf,,,,,,,,
golfer_group_1,34.03331198799604,-84.59585079107181,27360.0,golfer,17,#007cbf,,,,,,,,
golfer_group_1,34.03328917870069,-84.59621856739611,27420.0,golfer,17,#007cbf,,,,,,,,
golfer_group_1,34.03326636940534,-84.5965863437204,27480.0,golfer,17,#007cbf,,,,,,,,
golfer_group_1,34.0333918961393,-84.59677247448292,27540.0,golfer,17,#007cbf,,,,,,,,
golfer_group_1,34.033696055348365,-84.59673740431055,27600.0,golfer,17,#007cbf,,,,,,,,
golfer_group_1,34.03399595637482,-84.59666631047484,27660.0,golfer,17,#007cbf,,,,,,,,
golfer_group_1,34.03429585740126,-84.59659521663913,27720.0,golfer,17,#007cbf,,,,,,,,
golfer_group_1,34.03459575842771,-84.59652412280343,27780.0,golfer,17,#007cbf,,,,,,,,
golfer_group_1,34.03489565945416,-84.59645302896772,27840.0,golfer,17,#007cbf,,,,,,,,
golfer_group_1,34.0351955604806,-84.596381935132,27900.0,golfer,17,#007cbf,,,,,,,,
golfer_group_1,34.035495461507054,-84.5963108412963,27960.0,golfer,17,#007cbf,,,,,,,,
golfer_group_1,34.0357953625335,-84.59623974746059,28020.0,golfer,18,#007cbf,,,,,,,,
golfer_group_1,34.03609526355995,-84.59616865362489,28080.0,golfer,18,#007cbf,,,,,,,,
golfer_group_1,34.036305212692575,-84.59592226484412,28140.0,golfer,18,#007cbf,,,,,,,,
golfer_group_1,34.03649160641994,-84.59562997215522,28200.0,golfer,18,#007cbf,,,,,,,,
golfer_group_1,34.03667800014731,-84.59533767946633,28260.0,golfer,18,#007cbf,,,,,,,,
golfer_group_1,34.03686439387469,-84.59504538677743,28320.0,golfer,18,#007cbf,,,,,,,,
golfer_group_1,34.037050787602055,-84.59475309408853,28380.0,golfer,18,#007cbf,,,,,,,,
golfer_group_1,34.037237181329424,-84.59446080139963,28440.0,golfer,18,#007cbf,,,,,,,,
golfer_group_1,34.037373798109535,-84.59413164288824,28500.0,golfer,18,#007cbf,,,,,,,,
golfer_group_1,34.03750534858215,-84.59379873216618,28560.0,golfer,18,#007cbf,,,,,,,,
golfer_group_1,34.03763689905477,-84.59346582144413,28620.0,golfer,18,#007cbf,,,,,,,,
golfer_group_1,34.037768449527384,-84.59313291072206,28680.0,golfer,18,#007cbf,,,,,,,,
golfer_group_1,34.0379,-84.5928,28740.0,golfer,18,#007cbf,,,,,,,,
golfer_group_2,34.0379,-84.5928,14880.0,golfer,1,#007cbf,,,,,,,,
golfer_group_2,34.03815279090035,-84.5925927027726,14940.0,golfer,1,#007cbf,,,,,,,,
golfer_group_2,34.03835123973532,-84.59233276840705,15000.0,golfer,1,#007cbf,,,,,,,,
golfer_group_2,34.03846425725406,-84.59199008304618,15060.0,golfer,1,#007cbf,,,,,,,,
golfer_group_2,34.03857727477281,-84.59164739768532,15120.0,golfer,1,#007cbf,,,,,,,,
golfer_group_2,34.038690292291555,-84.59130471232447,15180.0,golfer,1,#007cbf,,,,,,,,
golfer_group_2,34.0388033098103,-84.59096202696361,15240.0,golfer,1,#007cbf,,,,,,,,
golfer_group_2,34.03891632732905,-84.59061934160275,15300.0,golfer,1,#007cbf,,,,,,,,
golfer_group_2,34.03902934484779,-84.5902766562419,15360.0,golfer,1,#007cbf,,,,,,,,
golfer_group_2,34.03915498151587,-84.58994311724304,15420.0,golfer,1,#007cbf,,,,,,,,
golfer_group_2,34.03935257701742,-84.58966173402132,15480.0,golfer,1,#007cbf,,,,,,,,
golfer_group_2,34.03955017251896,-84.58938035079959,15540.0,golfer,1,#007cbf,,,,,,,,
golfer_group_2,34.0397477680205,-84.58909896757785,15600.0,golfer,1,#007cbf,,,,,,,,
golfer_group_2,34.039960963741954,-84.58883870909989,15660.0,golfer,1,#007cbf,,,,,,,,
golfer_group_2,34.0402152614799,-84.58863410814281,15720.0,golfer,2,#007cbf,,,,,,,,
golfer_group_2,34.04046955921785,-84.58842950718574,15780.0,golfer,2,#007cbf,,,,,,,,
golfer_group_2,34.04073229108471,-84.58829822885049,15840.0,golfer,2,#007cbf,,,,,,,,
golfer_group_2,34.04102315362346,-84.58841150625273,15900.0,golfer,2,#007cbf,,,,,,,,
golfer_group_2,34.04131401616222,-84.58852478365496,15960.0,golfer,2,#007cbf,,,,,,,,
golfer_group_2,34.04160487870097,-84.5886380610572,16020.0,golfer,2,#007cbf,,,,,,,,
golfer_group_2,34.04189574123973,-84.58875133845943,16080.0,golfer,2,#007cbf,,,,,,,,
golfer_group_2,34.042186603778475,-84.58886461586168,16140.0,golfer,2,#007cbf,,,,,,,,
golfer_group_2,34.04247746631723,-84.58897789326392,16200.0,golfer,2,#007cbf,,,,,,,,
golfer_group_2,34.042768328855985,-84.58909117066615,16260.0,golfer,2,#007cbf,,,,,,,,
golfer_group_2,34.04305919139474,-84.58920444806839,16320.0,golfer,2,#007cbf,,,,,,,,
golfer_group_2,34.043247893201055,-84.58946220758558,16380.0,golfer,2,#007cbf,,,,,,,,
golfer_group_2,34.043386336501754,-84.58979104583345,16440.0,golfer,2,#007cbf,,,,,,,,
golfer_group_2,34.04352477980246,-84.59011988408133,16500.0,golfer,3,#007cbf,,,,,,,,
golfer_group_2,34.04366322310316,-84.5904487223292,16560.0,golfer,3,#007cbf,,,,,,,,
golfer_group_2,34.043801666403866,-84.59077756057708,16620.0,golfer,3,#007cbf,,,,,,,,
golfer_group_2,34.04391127065408,-84.59111857018165,16680.0,golfer,3,#007cbf,,,,,,,,
golfer_group_2,34.043972800141226,-84.59147986946564,16740.0,golfer,3,#007cbf,,,,,,,,
golfer_group_2,34.04400028315852,-84.59183942074687,16800.0,golfer,3,#007cbf,,,,,,,,
golfer_group_2,34.04391355242437,-84.59219310810283,16860.0,golfer,3,#007cbf,,,,,,,,
golfer_group_2,34.043826821690224,-84.59254679545882,16920.0,golfer,3,#007cbf,,,,,,,,
golfer_group_2,34.04374009095608,-84.5929004828148,16980.0,golfer,3,#007cbf,,,,,,,,
golfer_group_2,34.04365336022193,-84.59325417017077,17040.0,golfer,3,#007cbf,,,,,,,,
golfer_group_2,34.043566629487785,-84.59360785752675,17100.0,golfer,3,#007cbf,,,,,,,,
golfer_group_2,34.04361510219341,-84.59385184079204,17160.0,golfer,3,#007cbf,,,,,,,,
golfer_group_2,34.04391923167398,-84.59388838411294,17220.0,golfer,3,#007cbf,,,,,,,,
golfer_group_2,34.04421645589678,-84.59396442253092,17280.0,golfer,3,#007cbf,,,,,,,,
golfer_group_2,34.04450689160682,-84.59407928831482,17340.0,golfer,4,#007cbf,,,,,,,,
golfer_group_2,34.044797327316864,-84.59419415409873,17400.0,golfer,4,#007cbf,,,,,,,,
golfer_group_2,34.045087763026906,-84.59430901988263,17460.0,golfer,4,#007cbf,,,,,,,,
golfer_group_2,34.04537819873694,-84.59442388566654,17520.0,golfer,4,#007cbf,,,,,,,,
golfer_group_2,34.04566863444698,-84.59453875145046,17580.0,golfer,4,#007cbf,,,,,,,,
golfer_group_2,34.045959070157025,-84.59465361723436,17640.0,golfer,4,#007cbf,,,,,,,,
golfer_group_2,34.04624950586707,-84.59476848301827,17700.0,golfer,4,#007cbf,,,,,,,,
golfer_group_2,34.04654785117958,-84.59475949968787,17760.0,golfer,4,#007cbf,,,,,,,,
golfer_group_2,34.04684944166004,-84.59469970328865,17820.0,golfer,4,#007cbf,,,,,,,,
golfer_group_2,34.04715103214049,-84.59463990688944,17880.0,golfer,4,#007cbf,,,,,,,,
golfer_group_2,34.047452622620945,-84.59458011049023,17940.0,golfer,4,#007cbf,,,,,,,,
golfer_group_2,34.047724366239,-84.59442590662819,18000.0,golfer,4,#007cbf,,,,,,,,
golfer_group_2,34.04786228337494,-84.59424990112493,18060.0,golfer,4,#007cbf,,,,,,,,
golfer_group_2,34.04756744650564,-84.59415272751936,18120.0,golfer,5,#007cbf,,,,,,,,
golfer_group_2,34.04727260963633,-84.59405555391379,18180.0,golfer,5,#007cbf,,,,,,,,
golfer_group_2,34.04697777276702,-84.59395838030822,18240.0,golfer,5,#007cbf,,,,,,,,
golfer_group_2,34.04668293589772,-84.59386120670266,18300.0,golfer,5,#007cbf,,,,,,,,
golfer_group_2,34.04638809902841,-84.59376403309709,18360.0,golfer,5,#007cbf,,,,,,,,
golfer_group_2,34.04609326215911,-84.59366685949152,18420.0,golfer,5,#007cbf,,,,,,,,
golfer_group_2,34.0457984252898,-84.59356968588595,18480.0,golfer,5,#007cbf,,,,,,,,
golfer_group_2,34.0454965286139,-84.59352586311597,18540.0,golfer,5,#007cbf,,,,,,,,
golfer_group_2,34.04519127968502,-84.59350737326338,18600.0,golfer,5,#007cbf,,,,,,,,
golfer_group_2,34.04490500562787,-84.59359581198468,18660.0,golfer,5,#007cbf,,,,,,,,
golfer_group_2,34.04463280333707,-84.59376354894478,18720.0,golfer,5,#007cbf,,,,,,,,
golfer_group_2,34.04436060104628,-84.59393128590487,18780.0,golfer,5,#007cbf,,,,,,,,
golfer_group_2,34.044088398755484,-84.59409902286497,18840.0,golfer,5,#007cbf,,,,,,,,
golfer_group_2,34.04381619646469,-84.59426675982506,18900.0,golfer,6,#007cbf,,,,,,,,
golfer_group_2,34.04382793810143,-84.59441811560704,18960.0,golfer,6,#007cbf,,,,,,,,
golfer_group_2,34.0441121573064,-84.59455375172344,19020.0,golfer,6,#007cbf,,,,,,,,
golfer_group_2,34.04439637651138,-84.59468938783985,19080.0,golfer,6,#007cbf,,,,,,,,
golfer_group_2,34.04468059571635,-84.59482502395625,19140.0,golfer,6,#007cbf,,,,,,,,
golfer_group_2,34.04496481492133,-84.59496066007266,19200.0,golfer,6,#007cbf,,,,,,,,
golfer_group_2,34.0452490341263,-84.59509629618906,19260.0,golfer,6,#007cbf,,,,,,,,
golfer_group_2,34.04553325333127,-84.59523193230547,19320.0,golfer,6,#007cbf,,,,,,,,
golfer_group_2,34.04581747253625,-84.59536756842186,19380.0,golfer,6,#007cbf,,,,,,,,
golfer_group_2,34.04610834697806,-84.59547336145516,19440.0,golfer,6,#ffe6cc,,,,,,,,
golfer_group_2,34.04641058232508,-84.59552821048055,19500.0,golfer,6,#ffe6cc,,,,,,,,
golfer_group_2,34.046712817672095,-84.59558305950593,19560.0,golfer,6,#ffe6cc,,,,,,,,
golfer_group_2,34.047015053019116,-84.5956379085313,19620.0,golfer,6,#ffe6cc,,,,,,,,
golfer_group_2,34.04720589975696,-84.59578559768065,19680.0,golfer,6,#ffe6cc,,,,,,,,
golfer_group_2,34.04714136122655,-84.59614614521955,19740.0,golfer,7,#ffe6cc,,,,,,,,
golfer_group_2,34.04693896282462,-84.59627613590516,19800.0,golfer,7,#ffe6cc,,,,,,,,
golfer_group_2,34.04663510426321,-84.59623644461699,19860.0,golfer,7,#ffe6cc,,,,,,,,
golfer_group_2,34.0463312457018,-84.59619675332883,19920.0,golfer,7,#ffe6cc,,,,,,,,
golfer_group_2,34.04602738714039,-84.59615706204066,19980.0,golfer,7,#ffe6cc,,,,,,,,
golfer_group_2,34.04572352857898,-84.5961173707525,20040.0,golfer,7,#ffcc99,,,,,,,,
golfer_group_2,34.04541967001757,-84.59607767946432,20100.0,golfer,7,#ffcc99,,,,,,,,
golfer_group_2,34.045115811456164,-84.59603798817615,20160.0,golfer,7,#ffcc99,,,,,,,,
golfer_group_2,34.04481392820607,-84.59598659762759,20220.0,golfer,7,#00b894,,,,,,,,
golfer_group_2,34.044521427225185,-84.59587963831368,20280.0,golfer,7,#00b894,,,,,,,,
golfer_group_2,34.0442289262443,-84.59577267899978,20340.0,golfer,7,#00b894,,,,,,,,
golfer_group_2,34.043936425263425,-84.59566571968587,20400.0,golfer,7,#00b894,,,,,,,,
golfer_group_2,34.04364392428254,-84.59555876037196,20460.0,golfer,7,#00b894,,,,,,,,
golfer_group_2,34.04335142330166,-84.59545180105805,20520.0,golfer,8,#00b894,,,,,,,,
golfer_group_2,34.04305826681546,-84.59538876688445,20580.0,golfer,8,#00b894,,,,,,,,
golfer_group_2,34.042762764223475,-84.59548294428654,20640.0,golfer,8,#00b894,,,,,,,,
golfer_group_2,34.042467261631494,-84.59557712168865,20700.0,golfer,8,#00b894,,,,,,,,
golfer_group_2,34.04217175903952,-84.59567129909074,20760.0,golfer,8,#00b894,,,,,,,,
golfer_group_2,34.0418825451086,-84.59567884377844,20820.0,golfer,8,#00b894,,,,,,,,
golfer_group_2,34.04160511186174,-84.59552409753839,20880.0,golfer,8,#00b894,,,,,,,,
golfer_group_2,34.04132767861489,-84.59536935129833,20940.0,golfer,8,#00b894,,,,,,,,
golfer_group_2,34.04105024536804,-84.59521460505827,21000.0,golfer,8,#00b894,,,,,,,,
golfer_group_2,34.04077281212118,-84.59505985881822,21060.0,golfer,8,#00b894,,,,,,,,
golfer_group_2,34.04079789267186,-84.59513666072475,21120.0,golfer,8,#00b894,,,,,,,,
golfer_group_2,34.04103214586005,-84.59537356619327,21180.0,golfer,8,#00b894,,,,,,,,
golfer_group_2,34.04126639904824,-84.59561047166179,21240.0,golfer,8,#00b894,,,,,,,,
golfer_group_2,34.04127275312328,-84.59572675568867,21300.0,golfer,9,#00b894,,,,,,,,
golfer_group_2,34.04096966466966,-84.59567925933311,21360.0,golfer,9,#00b894,,,,,,,,
golfer_group_2,34.04066657621604,-84.59563176297756,21420.0,golfer,9,#00b894,,,,,,,,
golfer_group_2,34.04036348776243,-84.595584266622,21480.0,golfer,9,#00b894,,,,,,,,
golfer_group_2,34.04006039930881,-84.59553677026643,21540.0,golfer,9,#00b894,,,,,,,,
golfer_group_2,34.03975731085519,-84.59548927391087,21600.0,golfer,9,#00b894,,,,,,,,
golfer_group_2,34.039454222401574,-84.59544177755531,21660.0,golfer,9,#00b894,,,,,,,,
golfer_group_2,34.0391746980217,-84.59534563879554,21720.0,golfer,9,#00b894,,,,,,,,
golfer_group_2,34.038991711683906,-84.59505022029673,21780.0,golfer,9,#00b894,,,,,,,,
golfer_group_2,34.03880872534612,-84.59475480179792,21840.0,golfer,9,#00b894,,,,,,,,
golfer_group_2,34.03862573900834,-84.59445938329911,21900.0,golfer,9,#00b894,,,,,,,,
golfer_group_2,34.038442752670555,-84.5941639648003,21960.0,golfer,9,#00b894,,,,,,,,
golfer_group_2,34.03826384971107,-84.59386503819965,22020.0,golfer,9,#00b894,,,,,,,,
golfer_group_2,34.03809233520457,-84.59355976404959,22080.0,golfer,9,#00b894,,,,,,,,
golfer_group_2,34.03792082069807,-84.59325448989952,22140.0,golfer,10,#00b894,,,,,,,,
golfer_group_2,34.037749306191564,-84.59294921574946,22200.0,golfer,10,#00b894,,,,,,,,
golfer_group_2,34.03757779168507,-84.59264394159939,22260.0,golfer,10,#00b894,,,,,,,,
golfer_group_2,34.03740627717856,-84.59233866744933,22320.0,golfer,10,#00b894,,,,,,,,
golfer_group_2,34.037234762672064,-84.59203339329926,22380.0,golfer,10,#00b894,,,,,,,,
golfer_group_2,34.03697757517897,-84.59184109340879,22440.0,golfer,10,#00b894,,,,,,,,
golfer_group_2,34.03671042784082,-84.59166192725118,22500.0,golfer,10,#00b894,,,,,,,,
golfer_group_2,34.036443280502674,-84.59148276109359,22560.0,golfer,10,#00b894,,,,,,,,
golfer_group_2,34.03617613316453,-84.591303594936,22620.0,golfer,10,#00b894,,,,,,,,
golfer_group_2,34.03590898582638,-84.5911244287784,22680.0,golfer,10,#00b894,,,,,,,,
golfer_group_2,34.03564183848823,-84.5909452626208,22740.0,golfer,10,#00b894,,,,,,,,
golfer_group_2,34.03537469115008,-84.59076609646321,22800.0,golfer,10,#00b894,,,,,,,,
golfer_group_2,34.0350694994575,-84.59078348370237,22860.0,golfer,10,#00b894,,,,,,,,
golfer_group_2,34.03476422339275,-84.59080130684423,22920.0,golfer,11,#00b894,,,,,,,,
golfer_group_2,34.034458947328005,-84.59081912998607,22980.0,golfer,11,#00b894,,,,,,,,
golfer_group_2,34.034153671263255,-84.59083695312792,23040.0,golfer,11,#00b894,,,,,,,,
golfer_group_2,34.0340966535337,-84.59108011895599,23100.0,golfer,11,#00b894,,,,,,,,
golfer_group_2,34.0341671113486,-84.59143899361452,23160.0,golfer,11,#00b894,,,,,,,,
golfer_group_2,34.034184934266406,-84.59174523468462,23220.0,golfer,11,#00b894,,,,,,,,
golfer_group_2,34.03387962164839,-84.59172834825311,23280.0,golfer,11,#00b894,,,,,,,,
golfer_group_2,34.033574309030364,-84.59171146182159,23340.0,golfer,11,#00b894,,,,,,,,
golfer_group_2,34.033268996412346,-84.59169457539008,23400.0,golfer,11,#00b894,,,,,,,,
golfer_group_2,34.03296368379433,-84.59167768895857,23460.0,golfer,11,#00b894,,,,,,,,
golfer_group_2,34.03265837117631,-84.59166080252704,23520.0,golfer,11,#00b894,,,,,,,,
golfer_group_2,34.03235305855829,-84.59164391609553,23580.0,golfer,11,#00b894,,,,,,,,
golfer_group_2,34.032047745940275,-84.59162702966402,23640.0,golfer,11,#00b894,,,,,,,,
golfer_group_2,34.03174243332225,-84.5916101432325,23700.0,golfer,12,#00b894,,,,,,,,
golfer_group_2,34.03143712070423,-84.59159325680099,23760.0,golfer,12,#00b894,,,,,,,,
golfer_group_2,34.03114863294639,-84.59168977813017,23820.0,golfer,12,#00b894,,,,,,,,
golfer_group_2,34.03086713597365,-84.59183342075937,23880.0,golfer,12,#00b894,,,,,,,,
golfer_group_2,34.03058563900091,-84.59197706338857,23940.0,golfer,12,#00b894,,,,,,,,
golfer_group_2,34.03030414202818,-84.59212070601777,24000.0,golfer,12,#00b894,,,,,,,,
golfer_group_2,34.03002264505544,-84.59226434864696,24060.0,golfer,12,#00b894,,,,,,,,
golfer_group_2,34.0297411480827,-84.59240799127616,24120.0,golfer,12,#00b894,,,,,,,,
golfer_group_2,34.02944627885076,-84.59249745891232,24180.0,golfer,12,#00b894,,,,,,,,
golfer_group_2,34.02914552236481,-84.59256307553413,24240.0,golfer,12,#00b894,,,,,,,,
golfer_group_2,34.02931979877151,-84.59275335798148,24300.0,golfer,12,#00b894,,,,,,,,
golfer_group_2,34.029570801253726,-84.59296377612826,24360.0,golfer,12,#00b894,,,,,,,,
golfer_group_2,34.029821803735935,-84.59317419427504,24420.0,golfer,12,#00b894,,,,,,,,
golfer_group_2,34.03007280621815,-84.59338461242181,24480.0,golfer,12,#00b894,,,,,,,,
golfer_group_2,34.030323808700366,-84.5935950305686,24540.0,golfer,13,#00b894,,,,,,,,
golfer_group_2,34.03057481118258,-84.59380544871537,24600.0,golfer,13,#00b894,,,,,,,,
golfer_group_2,34.03082581366479,-84.59401586686215,24660.0,golfer,13,#00b894,,,,,,,,
golfer_group_2,34.03095630546771,-84.5943069567697,24720.0,golfer,13,#00b894,,,,,,,,
golfer_group_2,34.030971390085114,-84.5946753020783,24780.0,golfer,13,#ffe6cc,,,,,,,,
golfer_group_2,34.030986474702516,-84.59504364738692,24840.0,golfer,13,#ffe6cc,,,,,,,,
golfer_group_2,34.03100155931991,-84.59541199269552,24900.0,golfer,13,#ffe6cc,,,,,,,,
golfer_group_2,34.03095714402375,-84.59574809720226,24960.0,golfer,13,#ffe6cc,,,,,,,,
golfer_group_2,34.030718969807126,-84.59597921091839,25020.0,golfer,13,#ffe6cc,,,,,,,,
golfer_group_2,34.0307462622036,-84.59619274019815,25080.0,golfer,13,#ffe6cc,,,,,,,,
golfer_group_2,34.03100397124988,-84.59639100674157,25140.0,golfer,13,#ffe6cc,,,,,,,,
golfer_group_2,34.031261680296154,-84.596589273285,25200.0,golfer,13,#ffe6cc,,,,,,,,
golfer_group_2,34.03151938934243,-84.59678753982843,25260.0,golfer,13,#ffe6cc,,,,,,,,
golfer_group_2,34.0317770983887,-84.59698580637186,25320.0,golfer,14,#ffe6cc,,,,,,,,
golfer_group_2,34.032034807434975,-84.59718407291528,25380.0,golfer,14,#ffcc99,,,,,,,,
golfer_group_2,34.032324192566186,-84.59724454372157,25440.0,golfer,14,#ffcc99,,,,,,,,
golfer_group_2,34.032629718985326,-84.59723479749589,25500.0,golfer,14,#ffcc99,,,,,,,,
golfer_group_2,34.03289207264547,-84.5971792979359,25560.0,golfer,14,#00b894,,,,,,,,
golfer_group_2,34.03286063949956,-84.59681245098318,25620.0,golfer,14,#00b894,,,,,,,,
golfer_group_2,34.032829206353654,-84.59644560403048,25680.0,golfer,14,#00b894,,,,,,,,
golfer_group_2,34.03279777320775,-84.59607875707776,25740.0,golfer,14,#00b894,,,,,,,,
golfer_group_2,34.03276634006184,-84.59571191012506,25800.0,golfer,14,#00b894,,,,,,,,
golfer_group_2,34.032734906915934,-84.59534506317235,25860.0,golfer,14,#00b894,,,,,,,,
golfer_group_2,34.03270347377003,-84.59497821621963,25920.0,golfer,14,#00b894,,,,,,,,
golfer_group_2,34.032677144894976,-84.59461215723742,25980.0,golfer,14,#00b894,,,,,,,,
golfer_group_2,34.03278409938854,-84.5942666738407,26040.0,golfer,14,#00b894,,,,,,,,
golfer_group_2,34.03286123009694,-84.59391866358185,26100.0,golfer,15,#00b894,,,,,,,,
golfer_group_2,34.0329168023714,-84.5936703192642,26160.0,golfer,15,#00b894,,,,,,,,
golfer_group_2,34.03322204746833,-84.59365173997762,26220.0,golfer,15,#00b894,,,,,,,,
golfer_group_2,34.033527292565246,-84.59363316069104,26280.0,golfer,15,#00b894,,,,,,,,
golfer_group_2,34.03383253766217,-84.59361458140445,26340.0,golfer,15,#00b894,,,,,,,,
golfer_group_2,34.03413778275909,-84.59359600211788,26400.0,golfer,15,#00b894,,,,,,,,
golfer_group_2,34.034443027856014,-84.59357742283129,26460.0,golfer,15,#00b894,,,,,,,,
golfer_group_2,34.03474827295294,-84.5935588435447,26520.0,golfer,15,#00b894,,,,,,,,
golfer_group_2,34.03505351804986,-84.59354026425812,26580.0,golfer,15,#00b894,,,,,,,,
golfer_group_2,34.0353567576799,-84.59354017187577,26640.0,golfer,15,#00b894,,,,,,,,
golfer_group_2,34.035647754310915,-84.59365293857522,26700.0,golfer,15,#00b894,,,,,,,,
golfer_group_2,34.035938750941924,-84.59376570527466,26760.0,golfer,15,#00b894,,,,,,,,
golfer_group_2,34.03622974757294,-84.5938784719741,26820.0,golfer,15,#00b894,,,,,,,,
golfer_group_2,34.03647222469109,-84.59405504631091,26880.0,golfer,15,#00b894,,,,,,,,
golfer_group_2,34.03659028786085,-84.59439523647232,26940.0,golfer,16,#00b894,,,,,,,,
golfer_group_2,34.03644792995604,-84.59450675552645,27000.0,golfer,16,#00b894,,,,,,,,
golfer_group_2,34.036143371792754,-84.59447584942251,27060.0,golfer,16,#00b894,,,,,,,,
golfer_group_2,34.03583881362947,-84.59444494331858,27120.0,golfer,16,#00b894,,,,,,,,
golfer_group_2,34.03553425546619,-84.59441403721465,27180.0,golfer,16,#00b894,,,,,,,,
golfer_group_2,34.0352296973029,-84.5943831311107,27240.0,golfer,16,#00b894,,,,,,,,
golfer_group_2,34.03492513913962,-84.59435222500677,27300.0,golfer,16,#00b894,,,,,,,,
golfer_group_2,34.03462058097634,-84.59432131890283,27360.0,golfer,16,#00b894,,,,,,,,
golfer_group_2,34.034352770290475,-84.5943858160542,27420.0,golfer,16,#00b894,,,,,,,,
golfer_group_2,34.034176005044735,-84.59468668402549,27480.0,golfer,16,#00b894,,,,,,,,
golfer_group_2,34.033999239798995,-84.59498755199677,27540.0,golfer,16,#00b894,,,,,,,,
golfer_group_2,34.03374332204516,-84.59499641369574,27600.0,golfer,16,#00b894,,,,,,,,
golfer_group_2,34.033453380969426,-84.59487975791409,27660.0,golfer,16,#00b894,,,,,,,,
golfer_group_2,34.03335761518679,-84.59511523884437,27720.0,golfer,17,#00b894,,,,,,,,
golfer_group_2,34.03333479958535,-84.59548301485985,27780.0,golfer,17,#00b894,,,,,,,,
golfer_group_2,34.03331198799604,-84.59585079107181,27840.0,golfer,17,#00b894,,,,,,,,
golfer_group_2,34.03328917870069,-84.59621856739611,27900.0,golfer,17,#00b894,,,,,,,,
golfer_group_2,34.03326636940534,-84.5965863437204,27960.0,golfer,17,#00b894,,,,,,,,
golfer_group_2,34.0333918961393,-84.59677247448292,28020.0,golfer,17,#00b894,,,,,,,,
golfer_group_2,34.033696055348365,-84.59673740431055,28080.0,golfer,17,#00b894,,,,,,,,
golfer_group_2,34.03399595637482,-84.59666631047484,28140.0,golfer,17,#00b894,,,,,,,,
golfer_group_2,34.03429585740126,-84.59659521663913,28200.0,golfer,17,#00b894,,,,,,,,
golfer_group_2,34.03459575842771,-84.59652412280343,28260.0,golfer,17,#00b894,,,,,,,,
golfer_group_2,34.03489565945416,-84.59645302896772,28320.0,golfer,17,#00b894,,,,,,,,
golfer_group_2,34.0351955604806,-84.596381935132,28380.0,golfer,17,#00b894,,,,,,,,
golfer_group_2,34.035495461507054,-84.5963108412963,28440.0,golfer,17,#00b894,,,,,,,,
golfer_group_2,34.0357953625335,-84.59623974746059,28500.0,golfer,18,#00b894,,,,,,,,
golfer_group_2,34.03609526355995,-84.59616865362489,28560.0,golfer,18,#00b894,,,,,,,,
golfer_group_2,34.036305212692575,-84.59592226484412,28620.0,golfer,18,#00b894,,,,,,,,
golfer_group_2,34.03649160641994,-84.59562997215522,28680.0,golfer,18,#00b894,,,,,,,,
golfer_group_2,34.03667800014731,-84.59533767946633,28740.0,golfer,18,#00b894,,,,,,,,
golfer_group_2,34.03686439387469,-84.59504538677743,28800.0,golfer,18,#00b894,,,,,,,,
golfer_group_2,34.037050787602055,-84.59475309408853,28860.0,golfer,18,#00b894,,,,,,,,
golfer_group_2,34.037237181329424,-84.59446080139963,28920.0,golfer,18,#00b894,,,,,,,,
golfer_group_2,34.037373798109535,-84.59413164288824,28980.0,golfer,18,#00b894,,,,,,,,
golfer_group_2,34.03750534858215,-84.59379873216618,29040.0,golfer,18,#00b894,,,,,,,,
golfer_group_2,34.03763689905477,-84.59346582144413,29100.0,golfer,18,#00b894,,,,,,,,
golfer_group_2,34.037768449527384,-84.59313291072206,29160.0,golfer,18,#00b894,,,,,,,,
golfer_group_2,34.0379,-84.5928,29220.0,golfer,18,#00b894,,,,,,,,
runner_1,34.0379,-84.5928,19995.0,runner,7,,,,,,,,,
runner_1,34.03809233520457,-84.59355976404959,20009.0,runner,7,,,,,,,,,
runner_1,34.03826384971107,-84.59386503819965,20015.0,runner,7,,,,,,,,,
runner_1,34.038442752670555,-84.5941639648003,20021.0,runner,7,,,,,,,,,
runner_1,34.03862573900834,-84.59445938329911,20027.0,runner,7,,,,,,,,,
runner_1,34.03880872534612,-84.59475480179792,20033.0,runner,7,,,,,,,,,
runner_1,34.038991711683906,-84.59505022029673,20039.0,runner,7,,,,,,,,,
runner_1,34.0391746980217,-84.59534563879554,20045.0,runner,7,,,,,,,,,
runner_1,34.039454222401574,-84.59544177755531,20050.0,runner,7,,,,,,,,,
runner_1,34.03975731085519,-84.59548927391087,20056.0,runner,7,,,,,,,,,
runner_1,34.04006039930881,-84.59553677026643,20061.0,runner,7,,,,,,,,,
runner_1,34.04036348776243,-84.595584266622,20066.0,runner,7,,,,,,,,,
runner_1,34.04066657621604,-84.59563176297756,20072.0,runner,7,,,,,,,,,
runner_1,34.04096966466966,-84.59567925933311,20077.0,runner,7,,,,,,,,,
runner_1,34.04127275312328,-84.59572675568867,20083.0,runner,7,,,,,,,,,
runner_1,34.04126639904824,-84.59561047166179,20085.0,runner,7,,,,,,,,,
runner_1,34.04103214586005,-84.59537356619327,20090.0,runner,7,,,,,,,,,
runner_1,34.04079789267186,-84.59513666072475,20096.0,runner,7,,,,,,,,,
runner_1,34.04077281212118,-84.59505985881822,20098.0,runner,7,,,,,,,,,
runner_1,34.04105024536804,-84.59521460505827,20103.0,runner,7,,,,,,,,,
runner_1,34.04132767861489,-84.59536935129833,20109.0,runner,7,,,,,,,,,
runner_1,34.04160511186174,-84.59552409753839,20114.0,runner,7,,,,,,,,,
runner_1,34.0418825451086,-84.59567884377844,20120.0,runner,7,,,,,,,,,
runner_1,34.04217175903952,-84.59567129909074,20125.0,runner,7,,,,,,,,,
runner_1,34.042467261631494,-84.59557712168865,20130.0,runner,7,,,,,,,,,
runner_1,34.042762764223475,-84.59548294428654,20136.0,runner,7,,,,,,,,,
runner_1,34.04305826681546,-84.59538876688445,20141.0,runner,7,,,,,,,,,
runner_1,34.04335142330166,-84.59545180105805,20146.0,runner,7,,,,,,,,,
runner_1,34.04364392428254,-84.59555876037196,20152.0,runner,7,,,,,,,,,
runner_1,34.043936425263425,-84.59566571968587,20157.0,runner,7,,,,,,,,,
runner_1,34.0442289262443,-84.59577267899978,20163.0,runner,7,,,,,,,,,
runner_1,34.044521427225185,-84.59587963831368,20168.0,runner,7,,,,,,,,,
runner_1,34.04481392820607,-84.59598659762759,20174.0,runner,7,,,,,,,,,
runner_1,34.045115811456164,-84.59603798817615,20179.0,runner,7,,,,,,,,,
runner_1,34.04481392820607,-84.59598659762759,20191.0,runner,7,,,,,,,,,
runner_1,34.044521427225185,-84.59587963831368,20203.0,runner,7,,,,,,,,,
runner_1,34.0442289262443,-84.59577267899978,20215.0,runner,7,,,,,,,,,
runner_1,34.043936425263425,-84.59566571968587,20228.0,runner,7,,,,,,,,,
runner_1,34.04364392428254,-84.59555876037196,20240.0,runner,7,,,,,,,,,
runner_1,34.04335142330166,-84.59545180105805,20252.0,runner,7,,,,,,,,,
runner_1,34.04305826681546,-84.59538876688445,20264.0,runner,7,,,,,,,,,
runner_1,34.042762764223475,-84.59548294428654,20276.0,runner,7,,,,,,,,,
runner_1,34.042467261631494,-84.59557712168865,20288.0,runner,7,,,,,,,,,
runner_1,34.04217175903952,-84.59567129909074,20300.0,runner,7,,,,,,,,,
runner_1,34.0418825451086,-84.59567884377844,20312.0,runner,7,,,,,,,,,
runner_1,34.04160511186174,-84.59552409753839,20324.0,runner,7,,,,,,,,,
runner_1,34.04132767861489,-84.59536935129833,20337.0,runner,7,,,,,,,,,
runner_1,34.04105024536804,-84.59521460505827,20349.0,runner,7,,,,,,,,,
runner_1,34.04077281212118,-84.59505985881822,20362.0,runner,7,,,,,,,,,
runner_1,34.04079789267186,-84.59513666072475,20365.0,runner,7,,,,,,,,,
runner_1,34.04103214586005,-84.59537356619327,20378.0,runner,7,,,,,,,,,
runner_1,34.04126639904824,-84.59561047166179,20391.0,runner,7,,,,,,,,,
runner_1,34.04127275312328,-84.59572675568867,20395.0,runner,7,,,,,,,,,
runner_1,34.04096966466966,-84.59567925933311,20408.0,runner,7,,,,,,,,,
runner_1,34.04066657621604,-84.59563176297756,20420.0,runner,7,,,,,,,,,
runner_1,34.04036348776243,-84.595584266622,20432.0,runner,7,,,,,,,,,
runner_1,34.04006039930881,-84.59553677026643,20444.0,runner,7,,,,,,,,,
runner_1,34.03975731085519,-84.59548927391087,20456.0,runner,7,,,,,,,,,
runner_1,34.039454222401574,-84.59544177755531,20468.0,runner,7,,,,,,,,,
runner_1,34.0391746980217,-84.59534563879554,20479.0,runner,7,,,,,,,,,
runner_1,34.038991711683906,-84.59505022029673,20493.0,runner,7,,,,,,,,,
runner_1,34.03880872534612,-84.59475480179792,20507.0,runner,7,,,,,,,,,
runner_1,34.03862573900834,-84.59445938329911,20520.0,runner,7,,,,,,,,,
runner_1,34.038442752670555,-84.5941639648003,20534.0,runner,7,,,,,,,,,
runner_1,34.03826384971107,-84.59386503819965,20548.0,runner,7,,,,,,,,,
runner_1,34.03809233520457,-84.59355976404959,20561.0,runner,7,,,,,,,,,
runner_1,34.0379,-84.5928,20592.0,runner,7,,,,,,,,,
runner_1,34.0379,-84.5928,20652.0,runner,clubhouse,,,,,,,,,
runner_1,34.0379,-84.5928,20712.0,runner,clubhouse,,,,,,,,,
runner_1,34.0379,-84.5928,20772.0,runner,clubhouse,,,,,,,,,
runner_1,34.0379,-84.5928,20832.0,runner,clubhouse,,,,,,,,,
runner_1,34.0379,-84.5928,20892.0,runner,clubhouse,,,,,,,,,
runner_1,34.0379,-84.5928,20952.0,runner,clubhouse,,,,,,,,,
runner_1,34.0379,-84.5928,21012.0,runner,clubhouse,,,,,,,,,
runner_1,34.0379,-84.5928,21072.0,runner,clubhouse,,,,,,,,,
runner_1,34.0379,-84.5928,21132.0,runner,clubhouse,,,,,,,,,
runner_1,34.0379,-84.5928,21192.0,runner,clubhouse,,,,,,,,,
runner_1,34.0379,-84.5928,21252.0,runner,clubhouse,,,,,,,,,
runner_1,34.0379,-84.5928,21312.0,runner,clubhouse,,,,,,,,,
runner_1,34.0379,-84.5928,21372.0,runner,clubhouse,,,,,,,,,
runner_1,34.0379,-84.5928,21432.0,runner,clubhouse,,,,,,,,,
runner_1,34.0379,-84.5928,21492.0,runner,clubhouse,,,,,,,,,
runner_1,34.0379,-84.5928,21552.0,runner,clubhouse,,,,,,,,,
runner_1,34.0379,-84.5928,21612.0,runner,clubhouse,,,,,,,,,
runner_1,34.0379,-84.5928,21672.0,runner,clubhouse,,,,,,,,,
runner_1,34.0379,-84.5928,21732.0,runner,clubhouse,,,,,,,,,
runner_1,34.0379,-84.5928,21792.0,runner,clubhouse,,,,,,,,,
runner_1,34.0379,-84.5928,21852.0,runner,clubhouse,,,,,,,,,
runner_1,34.0379,-84.5928,21912.0,runner,clubhouse,,,,,,,,,
runner_1,34.0379,-84.5928,21972.0,runner,clubhouse,,,,,,,,,
runner_1,34.0379,-84.5928,22032.0,runner,clubhouse,,,,,,,,,
runner_1,34.0379,-84.5928,22092.0,runner,clubhouse,,,,,,,,,
runner_1,34.0379,-84.5928,22152.0,runner,clubhouse,,,,,,,,,
runner_1,34.0379,-84.5928,22212.0,runner,clubhouse,,,,,,,,,
runner_1,34.0379,-84.5928,22272.0,runner,clubhouse,,,,,,,,,
runner_1,34.0379,-84.5928,22332.0,runner,clubhouse,,,,,,,,,
runner_1,34.0379,-84.5928,22392.0,runner,clubhouse,,,,,,,,,
runner_1,34.0379,-84.5928,22452.0,runner,clubhouse,,,,,,,,,
runner_1,34.0379,-84.5928,22512.0,runner,clubhouse,,,,,,,,,
runner_1,34.0379,-84.5928,22572.0,runner,clubhouse,,,,,,,,,
runner_1,34.0379,-84.5928,22632.0,runner,clubhouse,,,,,,,,,
runner_1,34.0379,-84.5928,22692.0,runner,clubhouse,,,,,,,,,
runner_1,34.0379,-84.5928,22752.0,runner,clubhouse,,,,,,,,,
runner_1,34.0379,-84.5928,22812.0,runner,clubhouse,,,,,,,,,
runner_1,34.0379,-84.5928,22872.0,runner,clubhouse,,,,,,,,,
runner_1,34.0379,-84.5928,22932.0,runner,clubhouse,,,,,,,,,
runner_1,34.0379,-84.5928,22992.0,runner,clubhouse,,,,,,,,,
runner_1,34.0379,-84.5928,23052.0,runner,clubhouse,,,,,,,,,
runner_1,34.0379,-84.5928,23112.0,runner,clubhouse,,,,,,,,,
runner_1,34.0379,-84.5928,23172.0,runner,clubhouse,,,,,,,,,
runner_1,34.0379,-84.5928,23232.0,runner,clubhouse,,,,,,,,,
runner_1,34.0379,-84.5928,23292.0,runner,clubhouse,,,,,,,,,
runner_1,34.0379,-84.5928,23352.0,runner,clubhouse,,,,,,,,,
runner_1,34.0379,-84.5928,23412.0,runner,clubhouse,,,,,,,,,
runner_1,34.0379,-84.5928,23472.0,runner,clubhouse,,,,,,,,,
runner_1,34.0379,-84.5928,23532.0,runner,clubhouse,,,,,,,,,
runner_1,34.0379,-84.5928,23592.0,runner,clubhouse,,,,,,,,,
runner_1,34.0379,-84.5928,23652.0,runner,clubhouse,,,,,,,,,
runner_1,34.0379,-84.5928,23712.0,runner,clubhouse,,,,,,,,,
runner_1,34.0379,-84.5928,23772.0,runner,clubhouse,,,,,,,,,
runner_1,34.0379,-84.5928,23832.0,runner,clubhouse,,,,,,,,,
runner_1,34.0379,-84.5928,23892.0,runner,clubhouse,,,,,,,,,
runner_1,34.0379,-84.5928,23952.0,runner,clubhouse,,,,,,,,,
runner_1,34.0379,-84.5928,24012.0,runner,clubhouse,,,,,,,,,
runner_1,34.0379,-84.5928,24072.0,runner,clubhouse,,,,,,,,,
runner_1,34.0379,-84.5928,24132.0,runner,clubhouse,,,,,,,,,
runner_1,34.0379,-84.5928,24192.0,runner,clubhouse,,,,,,,,,
runner_1,34.0379,-84.5928,24252.0,runner,clubhouse,,,,,,,,,
runner_1,34.0379,-84.5928,24312.0,runner,clubhouse,,,,,,,,,
runner_1,34.0379,-84.5928,24372.0,runner,clubhouse,,,,,,,,,
runner_1,34.0379,-84.5928,24432.0,runner,clubhouse,,,,,,,,,
runner_1,34.0379,-84.5928,24492.0,runner,clubhouse,,,,,,,,,
runner_1,34.0379,-84.5928,24552.0,runner,clubhouse,,,,,,,,,
runner_1,34.0379,-84.5928,24612.0,runner,clubhouse,,,,,,,,,
runner_1,34.0379,-84.5928,24672.0,runner,clubhouse,,,,,,,,,
runner_1,34.0379,-84.5928,24732.0,runner,clubhouse,,,,,,,,,
runner_1,34.0379,-84.5928,24792.0,runner,clubhouse,,,,,,,,,
runner_1,34.0379,-84.5928,24852.0,runner,clubhouse,,,,,,,,,
runner_1,34.0379,-84.5928,24912.0,runner,clubhouse,,,,,,,,,
runner_1,34.0379,-84.5928,24972.0,runner,clubhouse,,,,,,,,,
runner_1,34.0379,-84.5928,25032.0,runner,clubhouse,,,,,,,,,
runner_1,34.0379,-84.5928,25092.0,runner,clubhouse,,,,,,,,,
runner_1,34.0379,-84.5928,25152.0,runner,clubhouse,,,,,,,,,
runner_1,34.0379,-84.5928,25212.0,runner,clubhouse,,,,,,,,,
runner_1,34.0379,-84.5928,25272.0,runner,clubhouse,,,,,,,,,
runner_1,34.0379,-84.5928,25332.0,runner,clubhouse,,,,,,,,,
runner_1,34.0379,-84.5928,25335.0,runner,14,,,,,,,,,
runner_1,34.037768449527384,-84.59313291072206,25341.0,runner,14,,,,,,,,,
runner_1,34.03763689905477,-84.59346582144413,25347.0,runner,14,,,,,,,,,
runner_1,34.03750534858215,-84.59379873216618,25353.0,runner,14,,,,,,,,,
runner_1,34.037373798109535,-84.59413164288824,25359.0,runner,14,,,,,,,,,
runner_1,34.037237181329424,-84.59446080139963,25365.0,runner,14,,,,,,,,,
runner_1,34.037050787602055,-84.59475309408853,25371.0,runner,14,,,,,,,,,
runner_1,34.03659028786085,-84.59439523647232,25380.0,runner,14,,,,,,,,,
runner_1,34.03647222469109,-84.59405504631091,25387.0,runner,14,,,,,,,,,
runner_1,34.03622974757294,-84.5938784719741,25392.0,runner,14,,,,,,,,,
runner_1,34.035938750941924,-84.59376570527466,25397.0,runner,14,,,,,,,,,
runner_1,34.035647754310915,-84.59365293857522,25402.0,runner,14,,,,,,,,,
runner_1,34.0353567576799,-84.59354017187577,25407.0,runner,14,,,,,,,,,
runner_1,34.03505351804986,-84.59354026425812,25412.0,runner,14,,,,,,,,,
runner_1,34.03474827295294,-84.5935588435447,25417.0,runner,14,,,,,,,,,
runner_1,34.034443027856014,-84.59357742283129,25423.0,runner,14,,,,,,,,,
runner_1,34.03413778275909,-84.59359600211788,25428.0,runner,14,,,,,,,,,
runner_1,34.03383253766217,-84.59361458140445,25433.0,runner,14,,,,,,,,,
runner_1,34.033527292565246,-84.59363316069104,25438.0,runner,14,,,,,,,,,
runner_1,34.03322204746833,-84.59365173997762,25443.0,runner,14,,,,,,,,,
runner_1,34.0329168023714,-84.5936703192642,25448.0,runner,14,,,,,,,,,
runner_1,34.03286123009694,-84.59391866358185,25452.0,runner,14,,,,,,,,,
runner_1,34.03278409938854,-84.5942666738407,25458.0,runner,14,,,,,,,,,
runner_1,34.032677144894976,-84.59461215723742,25464.0,runner,14,,,,,,,,,
runner_1,34.03270347377003,-84.59497821621963,25471.0,runner,14,,,,,,,,,
runner_1,34.032734906915934,-84.59534506317235,25477.0,runner,14,,,,,,,,,
runner_1,34.03276634006184,-84.59571191012506,25483.0,runner,14,,,,,,,,,
runner_1,34.03279777320775,-84.59607875707776,25489.0,runner,14,,,,,,,,,
runner_1,34.032829206353654,-84.59644560403048,25495.0,runner,14,,,,,,,,,
runner_1,34.03286063949956,-84.59681245098318,25501.0,runner,14,,,,,,,,,
runner_1,34.03289207264547,-84.5971792979359,25508.0,runner,14,,,,,,,,,
runner_1,34.032629718985326,-84.59723479749589,25512.0,runner,14,,,,,,,,,
runner_1,34.03289207264547,-84.5971792979359,25522.0,runner,14,,,,,,,,,
runner_1,34.03286063949956,-84.59681245098318,25536.0,runner,14,,,,,,,,,
runner_1,34.032829206353654,-84.59644560403048,25550.0,runner,14,,,,,,,,,
runner_1,34.03279777320775,-84.59607875707776,25563.0,runner,14,,,,,,,,,
runner_1,34.03276634006184,-84.59571191012506,25577.0,runner,14,,,,,,,,,
runner_1,34.032734906915934,-84.59534506317235,25591.0,runner,14,,,,,,,,,
runner_1,34.03270347377003,-84.59497821621963,25605.0,runner,14,,,,,,,,,
runner_1,34.032677144894976,-84.59461215723742,25619.0,runner,14,,,,,,,,,
runner_1,34.03278409938854,-84.5942666738407,25632.0,runner,14,,,,,,,,,
runner_1,34.03286123009694,-84.59391866358185,25645.0,runner,14,,,,,,,,,
runner_1,34.0329168023714,-84.5936703192642,25655.0,runner,14,,,,,,,,,
runner_1,34.03322204746833,-84.59365173997762,25666.0,runner,14,,,,,,,,,
runner_1,34.033527292565246,-84.59363316069104,25678.0,runner,14,,,,,,,,,
runner_1,34.03383253766217,-84.59361458140445,25689.0,runner,14,,,,,,,,,
runner_1,34.03413778275909,-84.59359600211788,25701.0,runner,14,,,,,,,,,
runner_1,34.034443027856014,-84.59357742283129,25712.0,runner,14,,,,,,,,,
runner_1,34.03474827295294,-84.5935588435447,25724.0,runner,14,,,,,,,,,
runner_1,34.03505351804986,-84.59354026425812,25735.0,runner,14,,,,,,,,,
runner_1,34.0353567576799,-84.59354017187577,25746.0,runner,14,,,,,,,,,
runner_1,34.035647754310915,-84.59365293857522,25758.0,runner,14,,,,,,,,,
runner_1,34.035938750941924,-84.59376570527466,25770.0,runner,14,,,,,,,,,
runner_1,34.03622974757294,-84.5938784719741,25782.0,runner,14,,,,,,,,,
runner_1,34.03647222469109,-84.59405504631091,25793.0,runner,14,,,,,,,,,
runner_1,34.03659028786085,-84.59439523647232,25806.0,runner,14,,,,,,,,,
runner_1,34.037050787602055,-84.59475309408853,25828.0,runner,14,,,,,,,,,
runner_1,34.037237181329424,-84.59446080139963,25841.0,runner,14,,,,,,,,,
runner_1,34.037373798109535,-84.59413164288824,25854.0,runner,14,,,,,,,,,
runner_1,34.03750534858215,-84.59379873216618,25868.0,runner,14,,,,,,,,,
runner_1,34.03763689905477,-84.59346582144413,25881.0,runner,14,,,,,,,,,
runner_1,34.037768449527384,-84.59313291072206,25895.0,runner,14,,,,,,,,,
runner_1,34.0379,-84.5928,25908.0,runner,14,,,,,,,,,
runner_1,34.0379,-84.5928,25968.0,runner,clubhouse,,,,,,,,,
runner_1,34.0379,-84.5928,26028.0,runner,clubhouse,,,,,,,,,
runner_1,34.0379,-84.5928,26088.0,runner,clubhouse,,,,,,,,,
runner_1,34.0379,-84.5928,26148.0,runner,clubhouse,,,,,,,,,
runner_1,34.0379,-84.5928,26208.0,runner,clubhouse,,,,,,,,,
runner_1,34.0379,-84.5928,26268.0,runner,clubhouse,,,,,,,,,
runner_1,34.0379,-84.5928,26328.0,runner,clubhouse,,,,,,,,,
runner_1,34.0379,-84.5928,26388.0,runner,clubhouse,,,,,,,,,
runner_1,34.0379,-84.5928,26448.0,runner,clubhouse,,,,,,,,,
runner_1,34.0379,-84.5928,26508.0,runner,clubhouse,,,,,,,,,
runner_1,34.0379,-84.5928,26568.0,runner,clubhouse,,,,,,,,,
runner_1,34.0379,-84.5928,26628.0,runner,clubhouse,,,,,,,,,
runner_1,34.0379,-84.5928,26688.0,runner,clubhouse,,,,,,,,,
runner_1,34.0379,-84.5928,26748.0,runner,clubhouse,,,,,,,,,
runner_1,34.0379,-84.5928,26808.0,runner,clubhouse,,,,,,,,,
runner_1,34.0379,-84.5928,26868.0,runner,clubhouse,,,,,,,,,
runner_1,34.0379,-84.5928,26928.0,runner,clubhouse,,,,,,,,,
runner_1,34.0379,-84.5928,26988.0,runner,clubhouse,,,,,,,,,
runner_1,34.0379,-84.5928,27048.0,runner,clubhouse,,,,,,,,,
runner_1,34.0379,-84.5928,27108.0,runner,clubhouse,,,,,,,,,
runner_1,34.0379,-84.5928,27168.0,runner,clubhouse,,,,,,,,,
runner_1,34.0379,-84.5928,27228.0,runner,clubhouse,,,,,,,,,
runner_1,34.0379,-84.5928,27288.0,runner,clubhouse,,,,,,,,,
runner_1,34.0379,-84.5928,27348.0,runner,clubhouse,,,,,,,,,
runner_1,34.0379,-84.5928,27408.0,runner,clubhouse,,,,,,,,,
runner_1,34.0379,-84.5928,27468.0,runner,clubhouse,,,,,,,,,
runner_1,34.0379,-84.5928,27528.0,runner,clubhouse,,,,,,,,,
runner_1,34.0379,-84.5928,27588.0,runner,clubhouse,,,,,,,,,
runner_1,34.0379,-84.5928,27648.0,runner,clubhouse,,,,,,,,,
runner_1,34.0379,-84.5928,27708.0,runner,clubhouse,,,,,,,,,
runner_1,34.0379,-84.5928,27768.0,runner,clubhouse,,,,,,,,,
runner_1,34.0379,-84.5928,27828.0,runner,clubhouse,,,,,,,,,
runner_1,34.0379,-84.5928,27888.0,runner,clubhouse,,,,,,,,,
runner_1,34.0379,-84.5928,27948.0,runner,clubhouse,,,,,,,,,
runner_1,34.0379,-84.5928,28008.0,runner,clubhouse,,,,,,,,,
runner_1,34.0379,-84.5928,28068.0,runner,clubhouse,,,,,,,,,
runner_1,34.0379,-84.5928,28128.0,runner,clubhouse,,,,,,,,,
runner_1,34.0379,-84.5928,28188.0,runner,clubhouse,,,,,,,,,
runner_1,34.0379,-84.5928,28248.0,runner,clubhouse,,,,,,,,,
runner_1,34.0379,-84.5928,28308.0,runner,clubhouse,,,,,,,,,
runner_1,34.0379,-84.5928,28368.0,runner,clubhouse,,,,,,,,,
runner_1,34.0379,-84.5928,28428.0,runner,clubhouse,,,,,,,,,
runner_1,34.0379,-84.5928,28488.0,runner,clubhouse,,,,,,,,,
runner_1,34.0379,-84.5928,28548.0,runner,clubhouse,,,,,,,,,
runner_1,34.0379,-84.5928,28608.0,runner,clubhouse,,,,,,,,,
runner_1,34.0379,-84.5928,28668.0,runner,clubhouse,,,,,,,,,
runner_1,34.0379,-84.5928,28728.0,runner,clubhouse,,,,,,,,,
runner_1,34.0379,-84.5928,28788.0,runner,clubhouse,,,,,,,,,
runner_1,34.0379,-84.5928,28848.0,runner,clubhouse,,,,,,,,,
runner_1,34.0379,-84.5928,28908.0,runner,clubhouse,,,,,,,,,
runner_1,34.0379,-84.5928,28968.0,runner,clubhouse,,,,,,,,,
runner_1,34.0379,-84.5928,29028.0,runner,clubhouse,,,,,,,,,
runner_1,34.0379,-84.5928,29088.0,runner,clubhouse,,,,,,,,,
runner_1,34.0379,-84.5928,29148.0,runner,clubhouse,,,,,,,,,
runner_1,34.0379,-84.5928,29208.0,runner,clubhouse,,,,,,,,,
runner_1,34.0379,-84.5928,29268.0,runner,clubhouse,,,,,,,,,
runner_1,34.0379,-84.5928,29328.0,runner,clubhouse,,,,,,,,,
runner_1,34.0379,-84.5928,29388.0,runner,clubhouse,,,,,,,,,
runner_1,34.0379,-84.5928,29448.0,runner,clubhouse,,,,,,,,,
timeline,34.0379,-84.5928,32880.0,timeline,clubhouse,,,,,,,,,
