golfer_id,latitude,longitude,timestamp,type
golfer_1,34.0383073,-84.592466,0,golfer
golfer_1,34.03832601818395,-84.59240924377589,10,golfer
golfer_1,34.038344736367904,-84.59235248755178,20,golfer
golfer_1,34.038363454551856,-84.59229573132767,30,golfer
golfer_1,34.038382172735815,-84.59223897510356,40,golfer
golfer_1,34.03840089091977,-84.59218221887944,50,golfer
golfer_1,34.03841960910372,-84.59212546265533,60,golfer
golfer_1,34.03841960910372,-84.59212546265533,60,golfer
golfer_1,34.03843832728767,-84.59206870643122,70,golfer
golfer_1,34.038457045471624,-84.59201195020711,80,golfer
golfer_1,34.038475763655576,-84.59195519398298,90,golfer
golfer_1,34.03849448183953,-84.59189843775887,100,golfer
golfer_1,34.03851320002348,-84.59184168153476,110,golfer
golfer_1,34.03853191820743,-84.59178492531065,120,golfer
golfer_1,34.03853191820743,-84.59178492531065,120,golfer
golfer_1,34.038550636391385,-84.59172816908654,130,golfer
golfer_1,34.03856935457534,-84.59167141286242,140,golfer
golfer_1,34.038588072759296,-84.59161465663831,150,golfer
golfer_1,34.03860679094325,-84.5915579004142,160,golfer
golfer_1,34.0386255091272,-84.59150114419009,170,golfer
golfer_1,34.03864422731115,-84.59144438796598,180,golfer
golfer_1,34.03864422731115,-84.59144438796598,180,golfer
golfer_1,34.038662945495105,-84.59138763174187,190,golfer
golfer_1,34.03868166367906,-84.59133087551776,200,golfer
golfer_1,34.03870038186301,-84.59127411929364,210,golfer
golfer_1,34.03871910004697,-84.59121736306952,220,golfer
golfer_1,34.03873781823092,-84.5911606068454,230,golfer
golfer_1,34.03875653641487,-84.5911038506213,240,golfer
golfer_1,34.03875653641487,-84.5911038506213,240,golfer
golfer_1,34.038775254598825,-84.59104709439718,250,golfer
golfer_1,34.03879397278278,-84.59099033817307,260,golfer
golfer_1,34.03881269096673,-84.59093358194896,270,golfer
golfer_1,34.03883140915068,-84.59087682572485,280,golfer
golfer_1,34.038850127334634,-84.59082006950074,290,golfer
golfer_1,34.038868845518586,-84.59076331327663,300,golfer
golfer_1,34.038868845518586,-84.59076331327663,300,golfer
golfer_1,34.03888756370254,-84.59070655705251,310,golfer
golfer_1,34.03890628188649,-84.5906498008284,320,golfer
golfer_1,34.03892500007045,-84.59059304460428,330,golfer
golfer_1,34.0389437182544,-84.59053628838016,340,golfer
golfer_1,34.038962436438354,-84.59047953215605,350,golfer
golfer_1,34.038981154622306,-84.59042277593194,360,golfer
golfer_1,34.038981154622306,-84.59042277593194,360,golfer
golfer_1,34.03899987280626,-84.59036601970783,370,golfer
golfer_1,34.03901859099021,-84.59030926348372,380,golfer
golfer_1,34.03903730917416,-84.5902525072596,390,golfer
golfer_1,34.03905602735812,-84.5901957510355,400,golfer
golfer_1,34.039074745542074,-84.59013899481138,410,golfer
golfer_1,34.039093463726026,-84.59008223858727,420,golfer
golfer_1,34.039093463726026,-84.59008223858727,420,golfer
golfer_1,34.03912335121561,-84.59003109141534,430,golfer
golfer_1,34.03915323870519,-84.58997994424342,440,golfer
golfer_1,34.03918312619477,-84.58992879707151,450,golfer
golfer_1,34.039213013684346,-84.58987764989958,460,golfer
golfer_1,34.03924290117393,-84.58982650272765,470,golfer
golfer_1,34.03927278866351,-84.58977535555573,480,golfer
golfer_1,34.03927278866351,-84.58977535555573,480,golfer
golfer_1,34.03930713373776,-84.58972644691374,490,golfer
golfer_1,34.039341478812005,-84.58967753827176,500,golfer
golfer_1,34.03937582388626,-84.58962862962977,510,golfer
golfer_1,34.03941016896051,-84.58957972098779,520,golfer
golfer_1,34.039444514034756,-84.5895308123458,530,golfer
golfer_1,34.039478859109,-84.58948190370381,540,golfer
golfer_1,34.039478859109,-84.58948190370381,540,golfer
golfer_1,34.03951320418325,-84.58943299506183,550,golfer
golfer_1,34.039547549257506,-84.58938408641984,560,golfer
golfer_1,34.039581894331754,-84.58933517777785,570,golfer
golfer_1,34.039616239406,-84.58928626913588,580,golfer
golfer_1,34.039650584480256,-84.5892373604939,590,golfer
golfer_1,34.039684929554504,-84.58918845185191,600,golfer
golfer_1,34.039684929554504,-84.58918845185191,600,golfer
golfer_1,34.03971927462875,-84.58913954320992,610,golfer
golfer_1,34.039753619703,-84.58909063456794,620,golfer
golfer_1,34.03978796477725,-84.58904172592595,630,golfer
golfer_1,34.0398223098515,-84.58899281728397,640,golfer
golfer_1,34.03985665492575,-84.58894390864198,650,golfer
golfer_1,34.039891,-84.588895,660,golfer
golfer_1,34.039891,-84.588895,660,golfer
golfer_1,34.039891,-84.588895,670,golfer
golfer_1,34.039891,-84.588895,680,golfer
golfer_1,34.039891,-84.588895,690,golfer
golfer_1,34.039891,-84.588895,700,golfer
golfer_1,34.039891,-84.588895,710,golfer
golfer_1,34.039891,-84.588895,720,golfer
golfer_1,34.039891,-84.588895,720,golfer
golfer_1,34.040020033333334,-84.58879118333333,730,golfer
golfer_1,34.040149066666665,-84.58868736666666,740,golfer
golfer_1,34.040278099999995,-84.58858355,750,golfer
golfer_1,34.04040713333333,-84.58847973333333,760,golfer
golfer_1,34.04053616666667,-84.58837591666666,770,golfer
golfer_1,34.0406652,-84.5882721,780,golfer
golfer_1,34.0406652,-84.5882721,780,golfer
golfer_1,34.0406652,-84.5882721,790,golfer
golfer_1,34.0406652,-84.5882721,800,golfer
golfer_1,34.0406652,-84.5882721,810,golfer
golfer_1,34.0406652,-84.5882721,820,golfer
golfer_1,34.0406652,-84.5882721,830,golfer
golfer_1,34.0406652,-84.5882721,840,golfer
golfer_1,34.0406652,-84.5882721,840,golfer
golfer_1,34.040729600406735,-84.58829718095683,850,golfer
golfer_1,34.04079400081346,-84.58832226191366,860,golfer
golfer_1,34.0408584012202,-84.58834734287049,870,golfer
golfer_1,34.040922801626934,-84.58837242382731,880,golfer
golfer_1,34.04098720203366,-84.58839750478414,890,golfer
golfer_1,34.0410516024404,-84.58842258574097,900,golfer
golfer_1,34.0410516024404,-84.58842258574097,900,golfer
golfer_1,34.04111600284713,-84.5884476666978,910,golfer
golfer_1,34.04118040325387,-84.58847274765463,920,golfer
golfer_1,34.041244803660604,-84.58849782861145,930,golfer
golfer_1,34.04130920406733,-84.58852290956828,940,golfer
golfer_1,34.04137360447407,-84.58854799052511,950,golfer
golfer_1,34.0414380048808,-84.58857307148195,960,golfer
golfer_1,34.0414380048808,-84.58857307148195,960,golfer
golfer_1,34.04150240528754,-84.58859815243878,970,golfer
golfer_1,34.041566805694266,-84.58862323339561,980,golfer
golfer_1,34.041631206101,-84.58864831435244,990,golfer
golfer_1,34.04169560650774,-84.58867339530926,1000,golfer
golfer_1,34.041760006914465,-84.58869847626609,1010,golfer
golfer_1,34.0418244073212,-84.58872355722292,1020,golfer
golfer_1,34.0418244073212,-84.58872355722292,1020,golfer
golfer_1,34.041888807727936,-84.58874863817975,1030,golfer
golfer_1,34.041953208134665,-84.58877371913658,1040,golfer
golfer_1,34.0420176085414,-84.5887988000934,1050,golfer
golfer_1,34.042082008948135,-84.58882388105023,1060,golfer
golfer_1,34.042146409354864,-84.58884896200706,1070,golfer
golfer_1,34.0422108097616,-84.5888740429639,1080,golfer
golfer_1,34.0422108097616,-84.5888740429639,1080,golfer
golfer_1,34.042275210168334,-84.58889912392073,1090,golfer
golfer_1,34.04233961057507,-84.58892420487756,1100,golfer
golfer_1,34.0424040109818,-84.58894928583439,1110,golfer
golfer_1,34.04246841138853,-84.58897436679122,1120,golfer
golfer_1,34.04253281179527,-84.58899944774805,1130,golfer
golfer_1,34.042597212202004,-84.58902452870488,1140,golfer
golfer_1,34.042597212202004,-84.58902452870488,1140,golfer
golfer_1,34.04266161260874,-84.58904960966171,1150,golfer
golfer_1,34.04272601301547,-84.58907469061855,1160,golfer
golfer_1,34.0427904134222,-84.58909977157538,1170,golfer
golfer_1,34.04285481382894,-84.5891248525322,1180,golfer
golfer_1,34.04291921423567,-84.58914993348903,1190,golfer
golfer_1,34.0429836146424,-84.58917501444586,1200,golfer
golfer_1,34.0429836146424,-84.58917501444586,1200,golfer
golfer_1,34.04302711111907,-84.58922157369778,1210,golfer
golfer_1,34.04307060759574,-84.5892681329497,1220,golfer
golfer_1,34.04311410407241,-84.58931469220161,1230,golfer
golfer_1,34.04315760054908,-84.58936125145354,1240,golfer
golfer_1,34.043201097025744,-84.58940781070547,1250,golfer
golfer_1,34.043244593502415,-84.58945436995738,1260,golfer
golfer_1,34.043244593502415,-84.58945436995738,1260,golfer
golfer_1,34.043271410439814,-84.58951806704249,1270,golfer
golfer_1,34.043298227377214,-84.5895817641276,1280,golfer
golfer_1,34.043325044314614,-84.58964546121271,1290,golfer
golfer_1,34.04335186125201,-84.58970915829781,1300,golfer
golfer_1,34.04337867818941,-84.58977285538292,1310,golfer
golfer_1,34.04340549512681,-84.58983655246803,1320,golfer
golfer_1,34.04340549512681,-84.58983655246803,1320,golfer
golfer_1,34.04343231206421,-84.58990024955314,1330,golfer
golfer_1,34.04345912900161,-84.58996394663825,1340,golfer
golfer_1,34.04348594593901,-84.59002764372336,1350,golfer
golfer_1,34.04351276287641,-84.59009134080847,1360,golfer
golfer_1,34.04353957981381,-84.59015503789358,1370,golfer
golfer_1,34.04356639675121,-84.59021873497869,1380,golfer
golfer_1,34.04356639675121,-84.59021873497869,1380,golfer
golfer_1,34.04359321368861,-84.5902824320638,1390,golfer
golfer_1,34.04362003062601,-84.59034612914891,1400,golfer
golfer_1,34.04364684756341,-84.59040982623401,1410,golfer
golfer_1,34.0436736645008,-84.59047352331912,1420,golfer
golfer_1,34.0437004814382,-84.59053722040423,1430,golfer
golfer_1,34.0437272983756,-84.59060091748934,1440,golfer
golfer_1,34.0437272983756,-84.59060091748934,1440,golfer
golfer_1,34.043754115313,-84.59066461457445,1450,golfer
golfer_1,34.0437809322504,-84.59072831165956,1460,golfer
golfer_1,34.0438077491878,-84.59079200874467,1470,golfer
golfer_1,34.0438345661252,-84.59085570582978,1480,golfer
golfer_1,34.0438613830626,-84.59091940291489,1490,golfer
golfer_1,34.0438882,-84.5909831,1500,golfer
golfer_1,34.0438882,-84.5909831,1500,golfer
golfer_1,34.0438882,-84.5909831,1510,golfer
golfer_1,34.0438882,-84.5909831,1520,golfer
golfer_1,34.0438882,-84.5909831,1530,golfer
golfer_1,34.0438882,-84.5909831,1540,golfer
golfer_1,34.0438882,-84.5909831,1550,golfer
golfer_1,34.0438882,-84.5909831,1560,golfer
golfer_1,34.0438882,-84.5909831,1560,golfer
golfer_1,34.0439102,-84.59111228333333,1570,golfer
golfer_1,34.0439322,-84.59124146666667,1580,golfer
golfer_1,34.0439542,-84.59137065,1590,golfer
golfer_1,34.043976199999996,-84.59149983333333,1600,golfer
golfer_1,34.0439982,-84.59162901666667,1610,golfer
golfer_1,34.0440202,-84.5917582,1620,golfer
golfer_1,34.0440202,-84.5917582,1620,golfer
golfer_1,34.0440202,-84.5917582,1630,golfer
golfer_1,34.0440202,-84.5917582,1640,golfer
golfer_1,34.0440202,-84.5917582,1650,golfer
golfer_1,34.0440202,-84.5917582,1660,golfer
golfer_1,34.0440202,-84.5917582,1670,golfer
golfer_1,34.0440202,-84.5917582,1680,golfer
golfer_1,34.0440202,-84.5917582,1680,golfer
golfer_1,34.04401246818182,-84.59178973030303,1690,golfer
golfer_1,34.04400473636363,-84.59182126060607,1700,golfer
golfer_1,34.04399700454545,-84.59185279090909,1710,golfer
golfer_1,34.04398927272727,-84.59188432121212,1720,golfer
golfer_1,34.04398154090909,-84.59191585151515,1730,golfer
golfer_1,34.04397380909091,-84.59194738181819,1740,golfer
golfer_1,34.04397380909091,-84.59194738181819,1740,golfer
golfer_1,34.04396607727273,-84.59197891212122,1750,golfer
golfer_1,34.04395834545454,-84.59201044242424,1760,golfer
golfer_1,34.04395061363636,-84.59204197272727,1770,golfer
golfer_1,34.04394288181818,-84.5920735030303,1780,golfer
golfer_1,34.043935149999996,-84.59210503333333,1790,golfer
golfer_1,34.043927418181816,-84.59213656363636,1800,golfer
golfer_1,34.043927418181816,-84.59213656363636,1800,golfer
golfer_1,34.04391968636364,-84.59216809393939,1810,golfer
golfer_1,34.04391195454545,-84.59219962424243,1820,golfer
golfer_1,34.04390422272727,-84.59223115454546,1830,golfer
golfer_1,34.04389649090909,-84.59226268484848,1840,golfer
golfer_1,34.043888759090905,-84.59229421515151,1850,golfer
golfer_1,34.043881027272725,-84.59232574545454,1860,golfer
golfer_1,34.043881027272725,-84.59232574545454,1860,golfer
golfer_1,34.043873295454546,-84.59235727575758,1870,golfer
golfer_1,34.04386556363636,-84.59238880606061,1880,golfer
golfer_1,34.04385783181818,-84.59242033636363,1890,golfer
golfer_1,34.0438501,-84.59245186666666,1900,golfer
golfer_1,34.043842368181814,-84.5924833969697,1910,golfer
golfer_1,34.043834636363634,-84.59251492727273,1920,golfer
golfer_1,34.043834636363634,-84.59251492727273,1920,golfer
golfer_1,34.043826904545455,-84.59254645757576,1930,golfer
golfer_1,34.04381917272727,-84.5925779878788,1940,golfer
golfer_1,34.04381144090909,-84.59260951818183,1950,golfer
golfer_1,34.04380370909091,-84.59264104848485,1960,golfer
golfer_1,34.04379597727272,-84.59267257878788,1970,golfer
golfer_1,34.04378824545454,-84.59270410909092,1980,golfer
golfer_1,34.04378824545454,-84.59270410909092,1980,golfer
golfer_1,34.043780513636364,-84.59273563939395,1990,golfer
golfer_1,34.04377278181818,-84.59276716969697,2000,golfer
golfer_1,34.04376504999999,-84.5927987,2010,golfer
golfer_1,34.04375731818181,-84.59283023030304,2020,golfer
golfer_1,34.04374958636363,-84.59286176060606,2030,golfer
golfer_1,34.043741854545445,-84.59289329090909,2040,golfer
golfer_1,34.043741854545445,-84.59289329090909,2040,golfer
golfer_1,34.043734122727265,-84.59292482121212,2050,golfer
golfer_1,34.04372639090908,-84.59295635151516,2060,golfer
golfer_1,34.0437186590909,-84.59298788181817,2070,golfer
golfer_1,34.04371092727272,-84.59301941212121,2080,golfer
golfer_1,34.04370319545453,-84.59305094242424,2090,golfer
golfer_1,34.043695463636354,-84.59308247272727,2100,golfer
golfer_1,34.043695463636354,-84.59308247272727,2100,golfer
golfer_1,34.043687731818174,-84.59311400303031,2110,golfer
golfer_1,34.04367999999999,-84.59314553333334,2120,golfer
golfer_1,34.04367226818181,-84.59317706363638,2130,golfer
golfer_1,34.04366453636363,-84.5932085939394,2140,golfer
golfer_1,34.04365680454544,-84.59324012424243,2150,golfer
golfer_1,34.04364907272726,-84.59327165454546,2160,golfer
golfer_1,34.04364907272726,-84.59327165454546,2160,golfer
golfer_1,34.04364134090908,-84.5933031848485,2170,golfer
golfer_1,34.0436336090909,-84.59333471515153,2180,golfer
golfer_1,34.04362587727272,-84.59336624545455,2190,golfer
golfer_1,34.04361814545454,-84.59339777575758,2200,golfer
golfer_1,34.04361041363635,-84.59342930606061,2210,golfer
golfer_1,34.04360268181817,-84.59346083636365,2220,golfer
golfer_1,34.04360268181817,-84.59346083636365,2220,golfer
golfer_1,34.04359494999999,-84.59349236666668,2230,golfer
golfer_1,34.043587218181806,-84.5935238969697,2240,golfer
golfer_1,34.043579486363626,-84.59355542727273,2250,golfer
golfer_1,34.04357175454545,-84.59358695757577,2260,golfer
golfer_1,34.04356402272726,-84.59361848787879,2270,golfer
golfer_1,34.04355629090908,-84.59365001818182,2280,golfer
golfer_1,34.04355629090908,-84.59365001818182,2280,golfer
golfer_1,34.0435485590909,-84.59368154848485,2290,golfer
golfer_1,34.043540827272714,-84.59371307878789,2300,golfer
golfer_1,34.043533095454535,-84.59374460909092,2310,golfer
golfer_1,34.043525363636356,-84.59377613939394,2320,golfer
golfer_1,34.04351763181817,-84.59380766969697,2330,golfer
golfer_1,34.04350989999999,-84.5938392,2340,golfer
golfer_1,34.04350989999999,-84.5938392,2340,golfer
golfer_1,34.04350989999999,-84.5938392,2350,golfer
golfer_1,34.04350989999999,-84.5938392,2360,golfer
golfer_1,34.04350989999999,-84.5938392,2370,golfer
golfer_1,34.04350989999999,-84.5938392,2380,golfer
golfer_1,34.04350989999999,-84.5938392,2390,golfer
golfer_1,34.04350989999999,-84.5938392,2400,golfer
golfer_1,34.04350989999999,-84.5938392,2400,golfer
golfer_1,34.04360324999999,-84.59385041666667,2410,golfer
golfer_1,34.04369659999999,-84.59386163333333,2420,golfer
golfer_1,34.04378994999999,-84.59387285,2430,golfer
golfer_1,34.0438833,-84.59388406666667,2440,golfer
golfer_1,34.04397665,-84.59389528333334,2450,golfer
golfer_1,34.04407,-84.5939065,2460,golfer
golfer_1,34.04407,-84.5939065,2460,golfer
golfer_1,34.04407,-84.5939065,2470,golfer
golfer_1,34.04407,-84.5939065,2480,golfer
golfer_1,34.04407,-84.5939065,2490,golfer
golfer_1,34.04407,-84.5939065,2500,golfer
golfer_1,34.04407,-84.5939065,2510,golfer
golfer_1,34.04407,-84.5939065,2520,golfer
golfer_1,34.04407,-84.5939065,2520,golfer
golfer_1,34.04412174078122,-84.59392696320474,2530,golfer
golfer_1,34.044173481562446,-84.59394742640946,2540,golfer
golfer_1,34.04422522234367,-84.59396788961419,2550,golfer
golfer_1,34.04427696312489,-84.59398835281893,2560,golfer
golfer_1,34.04432870390611,-84.59400881602365,2570,golfer
golfer_1,34.044380444687334,-84.59402927922838,2580,golfer
golfer_1,34.044380444687334,-84.59402927922838,2580,golfer
golfer_1,34.04443218546856,-84.59404974243311,2590,golfer
golfer_1,34.04448392624978,-84.59407020563783,2600,golfer
golfer_1,34.044535667031006,-84.59409066884257,2610,golfer
golfer_1,34.04458740781223,-84.5941111320473,2620,golfer
golfer_1,34.044639148593454,-84.59413159525202,2630,golfer
golfer_1,34.04469088937468,-84.59415205845676,2640,golfer
golfer_1,34.04469088937468,-84.59415205845676,2640,golfer
golfer_1,34.0447426301559,-84.59417252166148,2650,golfer
golfer_1,34.044794370937126,-84.59419298486621,2660,golfer
golfer_1,34.04484611171834,-84.59421344807095,2670,golfer
golfer_1,34.04489785249957,-84.59423391127567,2680,golfer
golfer_1,34.04494959328079,-84.59425437448039,2690,golfer
golfer_1,34.045001334062015,-84.59427483768512,2700,golfer
golfer_1,34.045001334062015,-84.59427483768512,2700,golfer
golfer_1,34.04505307484324,-84.59429530088985,2710,golfer
golfer_1,34.04510481562446,-84.59431576409457,2720,golfer
golfer_1,34.045156556405686,-84.59433622729931,2730,golfer
golfer_1,34.0452082971869,-84.59435669050404,2740,golfer
golfer_1,34.04526003796813,-84.59437715370876,2750,golfer
golfer_1,34.04531177874935,-84.5943976169135,2760,golfer
golfer_1,34.04531177874935,-84.5943976169135,2760,golfer
golfer_1,34.045363519530575,-84.59441808011823,2770,golfer
golfer_1,34.0454152603118,-84.59443854332295,2780,golfer
golfer_1,34.045467001093016,-84.59445900652769,2790,golfer
golfer_1,34.04551874187424,-84.59447946973242,2800,golfer
golfer_1,34.045570482655464,-84.59449993293714,2810,golfer
golfer_1,34.04562222343669,-84.59452039614187,2820,golfer
golfer_1,34.04562222343669,-84.59452039614187,2820,golfer
golfer_1,34.04567396421791,-84.59454085934661,2830,golfer
golfer_1,34.045725704999136,-84.59456132255133,2840,golfer
golfer_1,34.04577744578036,-84.59458178575606,2850,golfer
golfer_1,34.04582918656158,-84.5946022489608,2860,golfer
golfer_1,34.04588092734281,-84.59462271216552,2870,golfer
golfer_1,34.04593266812403,-84.59464317537025,2880,golfer
golfer_1,34.04593266812403,-84.59464317537025,2880,golfer
golfer_1,34.045984408905255,-84.59466363857499,2890,golfer
golfer_1,34.04603614968648,-84.5946841017797,2900,golfer
golfer_1,34.0460878904677,-84.59470456498444,2910,golfer
golfer_1,34.04613963124892,-84.59472502818917,2920,golfer
golfer_1,34.046191372030144,-84.5947454913939,2930,golfer
golfer_1,34.04624311281137,-84.59476595459863,2940,golfer
golfer_1,34.04624311281137,-84.59476595459863,2940,golfer
golfer_1,34.046296860142924,-84.59476429237559,2950,golfer
golfer_1,34.04635060747448,-84.59476263015253,2960,golfer
golfer_1,34.04640435480604,-84.59476096792949,2970,golfer
golfer_1,34.0464581021376,-84.59475930570645,2980,golfer
golfer_1,34.046511849469155,-84.59475764348339,2990,golfer
golfer_1,34.04656559680071,-84.59475598126035,3000,golfer
golfer_1,34.04656559680071,-84.59475598126035,3000,golfer
golfer_1,34.04662017475623,-84.59474516007921,3010,golfer
golfer_1,34.046674752711745,-84.59473433889809,3020,golfer
golfer_1,34.04672933066726,-84.59472351771696,3030,golfer
golfer_1,34.04678390862277,-84.59471269653582,3040,golfer
golfer_1,34.04683848657829,-84.5947018753547,3050,golfer
golfer_1,34.046893064533805,-84.59469105417357,3060,golfer
golfer_1,34.046893064533805,-84.59469105417357,3060,golfer
golfer_1,34.04694764248932,-84.59468023299243,3070,golfer
golfer_1,34.04700222044484,-84.59466941181131,3080,golfer
golfer_1,34.047056798400355,-84.59465859063017,3090,golfer
golfer_1,34.04711137635587,-84.59464776944904,3100,golfer
golfer_1,34.04716595431139,-84.59463694826792,3110,golfer
golfer_1,34.047220532266905,-84.59462612708678,3120,golfer
golfer_1,34.047220532266905,-84.59462612708678,3120,golfer
golfer_1,34.04727511022242,-84.59461530590565,3130,golfer
golfer_1,34.04732968817794,-84.59460448472453,3140,golfer
golfer_1,34.04738426613345,-84.59459366354339,3150,golfer
golfer_1,34.047438844088965,-84.59458284236226,3160,golfer
golfer_1,34.04749342204448,-84.59457202118114,3170,golfer
golfer_1,34.047548,-84.5945612,3180,golfer
golfer_1,34.047548,-84.5945612,3180,golfer
golfer_1,34.047548,-84.5945612,3190,golfer
golfer_1,34.047548,-84.5945612,3200,golfer
golfer_1,34.047548,-84.5945612,3210,golfer
golfer_1,34.047548,-84.5945612,3220,golfer
golfer_1,34.047548,-84.5945612,3230,golfer
golfer_1,34.047548,-84.5945612,3240,golfer
golfer_1,34.047548,-84.5945612,3240,golfer
golfer_1,34.04761105,-84.59451283333334,3250,golfer
golfer_1,34.0476741,-84.59446446666666,3260,golfer
golfer_1,34.04773715,-84.5944161,3270,golfer
golfer_1,34.0478002,-84.59436773333334,3280,golfer
golfer_1,34.04786325,-84.59431936666667,3290,golfer
golfer_1,34.0479263,-84.594271,3300,golfer
golfer_1,34.0479263,-84.594271,3300,golfer
golfer_1,34.0479263,-84.594271,3310,golfer
golfer_1,34.0479263,-84.594271,3320,golfer
golfer_1,34.0479263,-84.594271,3330,golfer
golfer_1,34.0479263,-84.594271,3340,golfer
golfer_1,34.0479263,-84.594271,3350,golfer
golfer_1,34.0479263,-84.594271,3360,golfer
golfer_1,34.0479263,-84.594271,3360,golfer
golfer_1,34.04788336295694,-84.59425684862438,3370,golfer
golfer_1,34.047840425913876,-84.59424269724875,3380,golfer
golfer_1,34.04779748887081,-84.59422854587312,3390,golfer
golfer_1,34.04775455182775,-84.5942143944975,3400,golfer
golfer_1,34.04771161478469,-84.59420024312186,3410,golfer
golfer_1,34.047668677741626,-84.59418609174624,3420,golfer
golfer_1,34.047668677741626,-84.59418609174624,3420,golfer
golfer_1,34.047625740698564,-84.59417194037061,3430,golfer
golfer_1,34.0475828036555,-84.59415778899498,3440,golfer
golfer_1,34.04753986661244,-84.59414363761934,3450,golfer
golfer_1,34.04749692956938,-84.59412948624372,3460,golfer
golfer_1,34.047453992526314,-84.59411533486809,3470,golfer
golfer_1,34.04741105548325,-84.59410118349246,3480,golfer
golfer_1,34.04741105548325,-84.59410118349246,3480,golfer
golfer_1,34.04736811844019,-84.59408703211683,3490,golfer
golfer_1,34.04732518139713,-84.5940728807412,3500,golfer
golfer_1,34.047282244354065,-84.59405872936557,3510,golfer
golfer_1,34.047239307310996,-84.59404457798995,3520,golfer
golfer_1,34.04719637026793,-84.59403042661431,3530,golfer
golfer_1,34.04715343322487,-84.59401627523869,3540,golfer
golfer_1,34.04715343322487,-84.59401627523869,3540,golfer
golfer_1,34.04711049618181,-84.59400212386306,3550,golfer
golfer_1,34.047067559138746,-84.59398797248743,3560,golfer
golfer_1,34.047024622095684,-84.5939738211118,3570,golfer
golfer_1,34.04698168505262,-84.59395966973618,3580,golfer
golfer_1,34.04693874800956,-84.59394551836054,3590,golfer
golfer_1,34.0468958109665,-84.59393136698492,3600,golfer
golfer_1,34.0468958109665,-84.59393136698492,3600,golfer
golfer_1,34.046852873923434,-84.59391721560928,3610,golfer
golfer_1,34.04680993688037,-84.59390306423366,3620,golfer
golfer_1,34.04676699983731,-84.59388891285803,3630,golfer
golfer_1,34.04672406279425,-84.5938747614824,3640,golfer
golfer_1,34.046681125751185,-84.59386061010676,3650,golfer
golfer_1,34.04663818870812,-84.59384645873114,3660,golfer
golfer_1,34.04663818870812,-84.59384645873114,3660,golfer
golfer_1,34.04659525166506,-84.59383230735551,3670,golfer
golfer_1,34.046552314622,-84.59381815597987,3680,golfer
golfer_1,34.046509377578936,-84.59380400460425,3690,golfer
golfer_1,34.04646644053587,-84.59378985322863,3700,golfer
golfer_1,34.04642350349281,-84.59377570185299,3710,golfer
golfer_1,34.04638056644975,-84.59376155047737,3720,golfer
golfer_1,34.04638056644975,-84.59376155047737,3720,golfer
golfer_1,34.046337629406686,-84.59374739910174,3730,golfer
golfer_1,34.046294692363624,-84.5937332477261,3740,golfer
golfer_1,34.046251755320554,-84.59371909635047,3750,golfer
golfer_1,34.04620881827749,-84.59370494497485,3760,golfer
golfer_1,34.04616588123443,-84.59369079359922,3770,golfer
golfer_1,34.04612294419137,-84.59367664222358,3780,golfer
golfer_1,34.04612294419137,-84.59367664222358,3780,golfer
golfer_1,34.046080007148305,-84.59366249084796,3790,golfer
golfer_1,34.04603707010524,-84.59364833947232,3800,golfer
golfer_1,34.04599413306218,-84.5936341880967,3810,golfer
golfer_1,34.04595119601912,-84.59362003672108,3820,golfer
golfer_1,34.045908258976056,-84.59360588534544,3830,golfer
golfer_1,34.04586532193299,-84.59359173396982,3840,golfer
golfer_1,34.04586532193299,-84.59359173396982,3840,golfer
golfer_1,34.04582157079958,-84.59358182851025,3850,golfer
golfer_1,34.045777819666164,-84.5935719230507,3860,golfer
golfer_1,34.04573406853275,-84.59356201759115,3870,golfer
golfer_1,34.04569031739934,-84.59355211213159,3880,golfer
golfer_1,34.04564656626592,-84.59354220667203,3890,golfer
golfer_1,34.04560281513251,-84.59353230121248,3900,golfer
golfer_1,34.04560281513251,-84.59353230121248,3900,golfer
golfer_1,34.04555768887147,-84.5935295677781,3910,golfer
golfer_1,34.045512562610426,-84.59352683434373,3920,golfer
golfer_1,34.045467436349384,-84.59352410090935,3930,golfer
golfer_1,34.04542231008834,-84.59352136747498,3940,golfer
golfer_1,34.0453771838273,-84.5935186340406,3950,golfer
golfer_1,34.045332057566256,-84.59351590060623,3960,golfer
golfer_1,34.045332057566256,-84.59351590060623,3960,golfer
golfer_1,34.04528693130521,-84.59351316717186,3970,golfer
golfer_1,34.04524180504417,-84.59351043373749,3980,golfer
golfer_1,34.04519667878313,-84.59350770030312,3990,golfer
golfer_1,34.045151552522086,-84.59350496686874,4000,golfer
golfer_1,34.04510642626104,-84.59350223343436,4010,golfer
golfer_1,34.0450613,-84.5934995,4020,golfer
golfer_1,34.0450613,-84.5934995,4020,golfer
golfer_1,34.0450613,-84.5934995,4030,golfer
golfer_1,34.0450613,-84.5934995,4040,golfer
golfer_1,34.0450613,-84.5934995,4050,golfer
golfer_1,34.0450613,-84.5934995,4060,golfer
golfer_1,34.0450613,-84.5934995,4070,golfer
golfer_1,34.0450613,-84.5934995,4080,golfer
golfer_1,34.0450613,-84.5934995,4080,golfer
golfer_1,34.044831566666666,-84.59364106666666,4090,golfer
golfer_1,34.04460183333333,-84.59378263333332,4100,golfer
golfer_1,34.044372100000004,-84.59392419999999,4110,golfer
golfer_1,34.04414236666667,-84.59406576666666,4120,golfer
golfer_1,34.043912633333335,-84.59420733333332,4130,golfer
golfer_1,34.0436829,-84.59434889999999,4140,golfer
golfer_1,34.0436829,-84.59434889999999,4140,golfer
golfer_1,34.0436829,-84.59434889999999,4150,golfer
golfer_1,34.0436829,-84.59434889999999,4160,golfer
golfer_1,34.0436829,-84.59434889999999,4170,golfer
golfer_1,34.0436829,-84.59434889999999,4180,golfer
golfer_1,34.0436829,-84.59434889999999,4190,golfer
golfer_1,34.0436829,-84.59434889999999,4200,golfer
golfer_1,34.0436829,-84.59434889999999,4200,golfer
golfer_1,34.04373503490594,-84.59437378000825,4210,golfer
golfer_1,34.043787169811885,-84.59439866001654,4220,golfer
golfer_1,34.04383930471782,-84.5944235400248,4230,golfer
golfer_1,34.04389143962376,-84.59444842003307,4240,golfer
golfer_1,34.043943574529706,-84.59447330004136,4250,golfer
golfer_1,34.04399570943565,-84.59449818004963,4260,golfer
golfer_1,34.04399570943565,-84.59449818004963,4260,golfer
golfer_1,34.04404784434159,-84.5945230600579,4270,golfer
golfer_1,34.044099979247534,-84.59454794006616,4280,golfer
golfer_1,34.044152114153476,-84.59457282007443,4290,golfer
golfer_1,34.04420424905941,-84.59459770008272,4300,golfer
golfer_1,34.044256383965354,-84.59462258009098,4310,golfer
golfer_1,34.0443085188713,-84.59464746009925,4320,golfer
golfer_1,34.0443085188713,-84.59464746009925,4320,golfer
golfer_1,34.04436065377724,-84.59467234010752,4330,golfer
golfer_1,34.04441278868318,-84.5946972201158,4340,golfer
golfer_1,34.04446492358912,-84.59472210012407,4350,golfer
golfer_1,34.04451705849506,-84.59474698013234,4360,golfer
golfer_1,34.044569193401,-84.59477186014063,4370,golfer
golfer_1,34.044621328306945,-84.5947967401489,4380,golfer
golfer_1,34.044621328306945,-84.5947967401489,4380,golfer
golfer_1,34.04467346321289,-84.59482162015716,4390,golfer
golfer_1,34.04472559811883,-84.59484650016545,4400,golfer
golfer_1,34.04477773302477,-84.59487138017371,4410,golfer
golfer_1,34.044829867930716,-84.59489626018198,4420,golfer
golfer_1,34.04488200283666,-84.59492114019027,4430,golfer
golfer_1,34.0449341377426,-84.59494602019853,4440,golfer
golfer_1,34.0449341377426,-84.59494602019853,4440,golfer
golfer_1,34.04498627264854,-84.5949709002068,4450,golfer
golfer_1,34.045038407554486,-84.59499578021507,4460,golfer
golfer_1,34.04509054246043,-84.59502066022335,4470,golfer
golfer_1,34.045142677366364,-84.59504554023162,4480,golfer
golfer_1,34.04519481227231,-84.59507042023989,4490,golfer
golfer_1,34.04524694717825,-84.59509530024816,4500,golfer
golfer_1,34.04524694717825,-84.59509530024816,4500,golfer
golfer_1,34.04529908208419,-84.59512018025643,4510,golfer
golfer_1,34.045351216990134,-84.59514506026471,4520,golfer
golfer_1,34.04540335189607,-84.59516994027298,4530,golfer
golfer_1,34.04545548680201,-84.59519482028125,4540,golfer
golfer_1,34.045507621707955,-84.59521970028953,4550,golfer
golfer_1,34.0455597566139,-84.5952445802978,4560,golfer
golfer_1,34.0455597566139,-84.5952445802978,4560,golfer
golfer_1,34.04561189151984,-84.59526946030607,4570,golfer
golfer_1,34.04566402642578,-84.59529434031435,4580,golfer
golfer_1,34.045716161331725,-84.59531922032262,4590,golfer
golfer_1,34.04576829623766,-84.59534410033089,4600,golfer
golfer_1,34.0458204311436,-84.59536898033917,4610,golfer
golfer_1,34.045872566049546,-84.59539386034744,4620,golfer
golfer_1,34.045872566049546,-84.59539386034744,4620,golfer
golfer_1,34.045927538254276,-84.59540995526716,4630,golfer
golfer_1,34.04598251045901,-84.59542605018686,4640,golfer
golfer_1,34.04603748266374,-84.59544214510657,4650,golfer
golfer_1,34.04609245486847,-84.59545824002629,4660,golfer
golfer_1,34.04614742707321,-84.59547433494599,4670,golfer
golfer_1,34.04620239927794,-84.5954904298657,4680,golfer
golfer_1,34.04620239927794,-84.5954904298657,4680,golfer
golfer_1,34.04625923820694,-84.59550074487316,4690,golfer
golfer_1,34.04631607713595,-84.59551105988062,4700,golfer
golfer_1,34.04637291606495,-84.59552137488808,4710,golfer
golfer_1,34.04642975499395,-84.59553168989555,4720,golfer
golfer_1,34.04648659392296,-84.59554200490301,4730,golfer
golfer_1,34.04654343285196,-84.59555231991047,4740,golfer
golfer_1,34.04654343285196,-84.59555231991047,4740,golfer
golfer_1,34.04660027178097,-84.59556263491793,4750,golfer
golfer_1,34.046657110709965,-84.5955729499254,4760,golfer
golfer_1,34.04671394963897,-84.59558326493286,4770,golfer
golfer_1,34.046770788567976,-84.59559357994031,4780,golfer
golfer_1,34.046827627496974,-84.59560389494779,4790,golfer
golfer_1,34.04688446642598,-84.59561420995524,4800,golfer
golfer_1,34.04688446642598,-84.59561420995524,4800,golfer
golfer_1,34.046941305354984,-84.5956245249627,4810,golfer
golfer_1,34.04699814428399,-84.59563483997016,4820,golfer
golfer_1,34.04705498321299,-84.59564515497763,4830,golfer
golfer_1,34.04711182214199,-84.59565546998509,4840,golfer
golfer_1,34.047168661071,-84.59566578499255,4850,golfer
golfer_1,34.0472255,-84.5956761,4860,golfer
golfer_1,34.0472255,-84.5956761,4860,golfer
golfer_1,34.0472255,-84.5956761,4870,golfer
golfer_1,34.0472255,-84.5956761,4880,golfer
golfer_1,34.0472255,-84.5956761,4890,golfer
golfer_1,34.0472255,-84.5956761,4900,golfer
golfer_1,34.0472255,-84.5956761,4910,golfer
golfer_1,34.0472255,-84.5956761,4920,golfer
golfer_1,34.0472255,-84.5956761,4920,golfer
golfer_1,34.04720691666667,-84.59577991666667,4930,golfer
golfer_1,34.04718833333334,-84.59588373333334,4940,golfer
golfer_1,34.04716975,-84.59598755,4950,golfer
golfer_1,34.047151166666666,-84.59609136666667,4960,golfer
golfer_1,34.04713258333334,-84.59619518333334,4970,golfer
golfer_1,34.047114,-84.596299,4980,golfer
golfer_1,34.047114,-84.596299,4980,golfer
golfer_1,34.047114,-84.596299,4990,golfer
golfer_1,34.047114,-84.596299,5000,golfer
golfer_1,34.047114,-84.596299,5010,golfer
golfer_1,34.047114,-84.596299,5020,golfer
golfer_1,34.047114,-84.596299,5030,golfer
golfer_1,34.047114,-84.596299,5040,golfer
golfer_1,34.047114,-84.596299,5040,golfer
golfer_1,34.047045860181996,-84.59629009928929,5050,golfer
golfer_1,34.04697772036399,-84.59628119857858,5060,golfer
golfer_1,34.046909580545986,-84.59627229786787,5070,golfer
golfer_1,34.04684144072799,-84.59626339715716,5080,golfer
golfer_1,34.04677330090998,-84.59625449644645,5090,golfer
golfer_1,34.04670516109198,-84.59624559573574,5100,golfer
golfer_1,34.04670516109198,-84.59624559573574,5100,golfer
golfer_1,34.04663702127397,-84.59623669502503,5110,golfer
golfer_1,34.046568881455975,-84.59622779431432,5120,golfer
golfer_1,34.04650074163797,-84.5962188936036,5130,golfer
golfer_1,34.046432601819966,-84.5962099928929,5140,golfer
golfer_1,34.04636446200197,-84.59620109218218,5150,golfer
golfer_1,34.04629632218396,-84.59619219147147,5160,golfer
golfer_1,34.04629632218396,-84.59619219147147,5160,golfer
golfer_1,34.04622818236596,-84.59618329076076,5170,golfer
golfer_1,34.04616004254795,-84.59617439005005,5180,golfer
golfer_1,34.046091902729955,-84.59616548933934,5190,golfer
golfer_1,34.04602376291195,-84.59615658862863,5200,golfer
golfer_1,34.045955623093946,-84.59614768791792,5210,golfer
golfer_1,34.04588748327594,-84.59613878720721,5220,golfer
golfer_1,34.04588748327594,-84.59613878720721,5220,golfer
golfer_1,34.045819343457936,-84.5961298864965,5230,golfer
golfer_1,34.04575120363994,-84.59612098578579,5240,golfer
golfer_1,34.04568306382193,-84.59611208507508,5250,golfer
golfer_1,34.04561492400393,-84.59610318436437,5260,golfer
golfer_1,34.04554678418593,-84.59609428365366,5270,golfer
golfer_1,34.045478644367925,-84.59608538294295,5280,golfer
golfer_1,34.045478644367925,-84.59608538294295,5280,golfer
golfer_1,34.04541050454992,-84.59607648223223,5290,golfer
golfer_1,34.045342364731916,-84.59606758152152,5300,golfer
golfer_1,34.04527422491391,-84.59605868081081,5310,golfer
golfer_1,34.04520608509591,-84.59604978010012,5320,golfer
golfer_1,34.04513794527791,-84.5960408793894,5330,golfer
golfer_1,34.0450698054599,-84.5960319786787,5340,golfer
golfer_1,34.0450698054599,-84.5960319786787,5340,golfer
golfer_1,34.045003460852044,-84.59601574933775,5350,golfer
golfer_1,34.04493711624418,-84.5959995199968,5360,golfer
golfer_1,34.04487077163632,-84.59598329065585,5370,golfer
golfer_1,34.04480442702846,-84.59596706131491,5380,golfer
golfer_1,34.044738082420594,-84.59595083197395,5390,golfer
golfer_1,34.044671737812735,-84.59593460263301,5400,golfer
golfer_1,34.044671737812735,-84.59593460263301,5400,golfer
golfer_1,34.044607198737204,-84.5959110025233,5410,golfer
golfer_1,34.04454265966167,-84.5958874024136,5420,golfer
golfer_1,34.04447812058614,-84.59586380230388,5430,golfer
golfer_1,34.04441358151061,-84.59584020219417,5440,golfer
golfer_1,34.04434904243508,-84.59581660208447,5450,golfer
golfer_1,34.04428450335955,-84.59579300197476,5460,golfer
golfer_1,34.04428450335955,-84.59579300197476,5460,golfer
golfer_1,34.04421996428402,-84.59576940186504,5470,golfer
golfer_1,34.04415542520849,-84.59574580175533,5480,golfer
golfer_1,34.04409088613296,-84.59572220164563,5490,golfer
golfer_1,34.04402634705743,-84.59569860153591,5500,golfer
golfer_1,34.0439618079819,-84.5956750014262,5510,golfer
golfer_1,34.04389726890637,-84.59565140131649,5520,golfer
golfer_1,34.04389726890637,-84.59565140131649,5520,golfer
golfer_1,34.04383272983084,-84.59562780120677,5530,golfer
golfer_1,34.04376819075531,-84.59560420109707,5540,golfer
golfer_1,34.04370365167978,-84.59558060098736,5550,golfer
golfer_1,34.04363911260425,-84.59555700087765,5560,golfer
golfer_1,34.043574573528716,-84.59553340076795,5570,golfer
golfer_1,34.043510034453185,-84.59550980065823,5580,golfer
golfer_1,34.043510034453185,-84.59550980065823,5580,golfer
golfer_1,34.043445495377654,-84.59548620054852,5590,golfer
golfer_1,34.04338095630212,-84.59546260043882,5600,golfer
golfer_1,34.04331641722659,-84.59543900032911,5610,golfer
golfer_1,34.04325187815106,-84.5954154002194,5620,golfer
golfer_1,34.04318733907553,-84.5953918001097,5630,golfer
golfer_1,34.0431228,-84.59536819999998,5640,golfer
golfer_1,34.0431228,-84.59536819999998,5640,golfer
golfer_1,34.0431228,-84.59536819999998,5650,golfer
golfer_1,34.0431228,-84.59536819999998,5660,golfer
golfer_1,34.0431228,-84.59536819999998,5670,golfer
golfer_1,34.0431228,-84.59536819999998,5680,golfer
golfer_1,34.0431228,-84.59536819999998,5690,golfer
golfer_1,34.0431228,-84.59536819999998,5700,golfer
golfer_1,34.0431228,-84.59536819999998,5700,golfer
golfer_1,34.042932183333335,-84.59542894999998,5710,golfer
golfer_1,34.04274156666666,-84.59548969999999,5720,golfer
golfer_1,34.04255095,-84.59555044999999,5730,golfer
golfer_1,34.042360333333335,-84.59561119999998,5740,golfer
golfer_1,34.04216971666666,-84.59567194999998,5750,golfer
golfer_1,34.0419791,-84.59573269999999,5760,golfer
golfer_1,34.0419791,-84.59573269999999,5760,golfer
golfer_1,34.0419791,-84.59573269999999,5770,golfer
golfer_1,34.0419791,-84.59573269999999,5780,golfer
golfer_1,34.0419791,-84.59573269999999,5790,golfer
golfer_1,34.0419791,-84.59573269999999,5800,golfer
golfer_1,34.0419791,-84.59573269999999,5810,golfer
golfer_1,34.0419791,-84.59573269999999,5820,golfer
golfer_1,34.0419791,-84.59573269999999,5820,golfer
golfer_1,34.041957105,-84.59572043166665,5830,golfer
golfer_1,34.04193511,-84.59570816333331,5840,golfer
golfer_1,34.041913115,-84.59569589499998,5850,golfer
golfer_1,34.04189112,-84.59568362666666,5860,golfer
golfer_1,34.041869125,-84.59567135833332,5870,golfer
golfer_1,34.04184713,-84.59565908999998,5880,golfer
golfer_1,34.04184713,-84.59565908999998,5880,golfer
golfer_1,34.041825135,-84.59564682166665,5890,golfer
golfer_1,34.04180314,-84.59563455333331,5900,golfer
golfer_1,34.041781145,-84.59562228499999,5910,golfer
golfer_1,34.041759150000004,-84.59561001666665,5920,golfer
golfer_1,34.041737155,-84.59559774833332,5930,golfer
golfer_1,34.04171516,-84.59558547999998,5940,golfer
golfer_1,34.04171516,-84.59558547999998,5940,golfer
golfer_1,34.041693165,-84.59557321166665,5950,golfer
golfer_1,34.04167117,-84.59556094333333,5960,golfer
golfer_1,34.041649175,-84.59554867499999,5970,golfer
golfer_1,34.04162718,-84.59553640666665,5980,golfer
golfer_1,34.041605184999995,-84.59552413833333,5990,golfer
golfer_1,34.04158319,-84.59551187,6000,golfer
golfer_1,34.04158319,-84.59551187,6000,golfer
golfer_1,34.041561195,-84.59549960166666,6010,golfer
golfer_1,34.041539199999995,-84.59548733333332,6020,golfer
golfer_1,34.041517205,-84.59547506499999,6030,golfer
golfer_1,34.04149521,-84.59546279666667,6040,golfer
golfer_1,34.041473214999996,-84.59545052833333,6050,golfer
golfer_1,34.04145122,-84.59543826,6060,golfer
golfer_1,34.04145122,-84.59543826,6060,golfer
golfer_1,34.041429225,-84.59542599166666,6070,golfer
golfer_1,34.04140723,-84.59541372333332,6080,golfer
golfer_1,34.041385235,-84.595401455,6090,golfer
golfer_1,34.04136324,-84.59538918666667,6100,golfer
golfer_1,34.041341245,-84.59537691833333,6110,golfer
golfer_1,34.04131925,-84.59536465,6120,golfer
golfer_1,34.04131925,-84.59536465,6120,golfer
golfer_1,34.041297255,-84.59535238166666,6130,golfer
golfer_1,34.04127526,-84.59534011333332,6140,golfer
golfer_1,34.041253265,-84.59532784499999,6150,golfer
golfer_1,34.041231270000004,-84.59531557666666,6160,golfer
golfer_1,34.041209275,-84.59530330833333,6170,golfer
golfer_1,34.04118728,-84.59529103999999,6180,golfer
golfer_1,34.04118728,-84.59529103999999,6180,golfer
golfer_1,34.041165285000005,-84.59527877166666,6190,golfer
golfer_1,34.04114329,-84.59526650333332,6200,golfer
golfer_1,34.041121295,-84.595254235,6210,golfer
golfer_1,34.041099300000006,-84.59524196666666,6220,golfer
golfer_1,34.041077305,-84.59522969833333,6230,golfer
golfer_1,34.041055310000004,-84.59521742999999,6240,golfer
golfer_1,34.041055310000004,-84.59521742999999,6240,golfer
golfer_1,34.04103331500001,-84.59520516166666,6250,golfer
golfer_1,34.04101132,-84.59519289333333,6260,golfer
golfer_1,34.040989325,-84.595180625,6270,golfer
golfer_1,34.04096733,-84.59516835666666,6280,golfer
golfer_1,34.040945335,-84.59515608833334,6290,golfer
golfer_1,34.04092334,-84.59514382,6300,golfer
golfer_1,34.04092334,-84.59514382,6300,golfer
golfer_1,34.040901345,-84.59513155166667,6310,golfer
golfer_1,34.04087935,-84.59511928333333,6320,golfer
golfer_1,34.040857355,-84.595107015,6330,golfer
golfer_1,34.04083536,-84.59509474666667,6340,golfer
golfer_1,34.040813365,-84.59508247833334,6350,golfer
golfer_1,34.04079137,-84.59507021,6360,golfer
golfer_1,34.04079137,-84.59507021,6360,golfer
golfer_1,34.040769375,-84.59505794166667,6370,golfer
golfer_1,34.04074738,-84.59504567333333,6380,golfer
golfer_1,34.040725385,-84.59503340500001,6390,golfer
golfer_1,34.040703390000004,-84.59502113666667,6400,golfer
golfer_1,34.040681395,-84.59500886833334,6410,golfer
golfer_1,34.0406594,-84.5949966,6420,golfer
golfer_1,34.0406594,-84.5949966,6420,golfer
golfer_1,34.0406594,-84.5949966,6430,golfer
golfer_1,34.0406594,-84.5949966,6440,golfer
golfer_1,34.0406594,-84.5949966,6450,golfer
golfer_1,34.0406594,-84.5949966,6460,golfer
golfer_1,34.0406594,-84.5949966,6470,golfer
golfer_1,34.0406594,-84.5949966,6480,golfer
golfer_1,34.0406594,-84.5949966,6480,golfer
golfer_1,34.04078305,-84.59512165,6490,golfer
golfer_1,34.0409067,-84.59524669999999,6500,golfer
golfer_1,34.04103035,-84.59537175,6510,golfer
golfer_1,34.041154,-84.59549679999999,6520,golfer
golfer_1,34.04127765,-84.59562184999999,6530,golfer
golfer_1,34.0414013,-84.59574689999998,6540,golfer
golfer_1,34.0414013,-84.59574689999998,6540,golfer
golfer_1,34.0414013,-84.59574689999998,6550,golfer
golfer_1,34.0414013,-84.59574689999998,6560,golfer
golfer_1,34.0414013,-84.59574689999998,6570,golfer
golfer_1,34.0414013,-84.59574689999998,6580,golfer
golfer_1,34.0414013,-84.59574689999998,6590,golfer
golfer_1,34.0414013,-84.59574689999998,6600,golfer
golfer_1,34.0414013,-84.59574689999998,6600,golfer
golfer_1,34.041337093222424,-84.5957368382906,6610,golfer
golfer_1,34.04127288644485,-84.59572677658122,6620,golfer
golfer_1,34.04120867966728,-84.59571671487184,6630,golfer
golfer_1,34.041144472889705,-84.59570665316247,6640,golfer
golfer_1,34.04108026611213,-84.59569659145308,6650,golfer
golfer_1,34.04101605933456,-84.5956865297437,6660,golfer
golfer_1,34.04101605933456,-84.5956865297437,6660,golfer
golfer_1,34.04095185255699,-84.59567646803433,6670,golfer
golfer_1,34.040887645779414,-84.59566640632494,6680,golfer
golfer_1,34.04082343900184,-84.59565634461555,6690,golfer
golfer_1,34.04075923222427,-84.59564628290617,6700,golfer
golfer_1,34.040695025446695,-84.5956362211968,6710,golfer
golfer_1,34.04063081866912,-84.59562615948741,6720,golfer
golfer_1,34.04063081866912,-84.59562615948741,6720,golfer
golfer_1,34.04056661189155,-84.59561609777803,6730,golfer
golfer_1,34.040502405113976,-84.59560603606865,6740,golfer
golfer_1,34.0404381983364,-84.59559597435927,6750,golfer
golfer_1,34.04037399155883,-84.5955859126499,6760,golfer
golfer_1,34.04030978478126,-84.5955758509405,6770,golfer
golfer_1,34.040245578003685,-84.59556578923113,6780,golfer
golfer_1,34.040245578003685,-84.59556578923113,6780,golfer
golfer_1,34.04018137122611,-84.59555572752174,6790,golfer
golfer_1,34.04011716444854,-84.59554566581237,6800,golfer
golfer_1,34.040052957670966,-84.59553560410299,6810,golfer
golfer_1,34.03998875089339,-84.5955255423936,6820,golfer
golfer_1,34.03992454411582,-84.59551548068421,6830,golfer
golfer_1,34.03986033733825,-84.59550541897484,6840,golfer
golfer_1,34.03986033733825,-84.59550541897484,6840,golfer
golfer_1,34.039796130560674,-84.59549535726546,6850,golfer
golfer_1,34.0397319237831,-84.59548529555607,6860,golfer
golfer_1,34.03966771700553,-84.5954752338467,6870,golfer
golfer_1,34.039603510227955,-84.59546517213732,6880,golfer
golfer_1,34.03953930345038,-84.59545511042793,6890,golfer
golfer_1,34.03947509667281,-84.59544504871856,6900,golfer
golfer_1,34.03947509667281,-84.59544504871856,6900,golfer
golfer_1,34.03942028767728,-84.59542082388062,6910,golfer
golfer_1,34.03936547868175,-84.59539659904266,6920,golfer
golfer_1,34.03931066968622,-84.59537237420471,6930,golfer
golfer_1,34.039255860690695,-84.59534814936677,6940,golfer
golfer_1,34.039201051695166,-84.59532392452881,6950,golfer
golfer_1,34.03914624269964,-84.59529969969087,6960,golfer
golfer_1,34.03914624269964,-84.59529969969087,6960,golfer
golfer_1,34.03911202008715,-84.59524444970376,6970,golfer
golfer_1,34.03907779747467,-84.59518919971663,6980,golfer
golfer_1,34.03904357486218,-84.5951339497295,6990,golfer
golfer_1,34.03900935224969,-84.59507869974239,7000,golfer
golfer_1,34.03897512963721,-84.59502344975527,7010,golfer
golfer_1,34.038940907024724,-84.59496819976815,7020,golfer
golfer_1,34.038940907024724,-84.59496819976815,7020,golfer
golfer_1,34.03890668441224,-84.59491294978103,7030,golfer
golfer_1,34.038872461799755,-84.5948576997939,7040,golfer
golfer_1,34.03883823918727,-84.59480244980679,7050,golfer
golfer_1,34.03880401657479,-84.59474719981968,7060,golfer
golfer_1,34.0387697939623,-84.59469194983255,7070,golfer
golfer_1,34.03873557134982,-84.59463669984544,7080,golfer
golfer_1,34.03873557134982,-84.59463669984544,7080,golfer
golfer_1,34.038701348737334,-84.59458144985831,7090,golfer
golfer_1,34.03866712612485,-84.5945261998712,7100,golfer
golfer_1,34.038632903512365,-84.59447094988408,7110,golfer
golfer_1,34.038598680899874,-84.59441569989696,7120,golfer
golfer_1,34.03856445828739,-84.59436044990983,7130,golfer
golfer_1,34.038530235674905,-84.59430519992272,7140,golfer
golfer_1,34.038530235674905,-84.59430519992272,7140,golfer
golfer_1,34.03849601306242,-84.5942499499356,7150,golfer
golfer_1,34.03846179044994,-84.59419469994847,7160,golfer
golfer_1,34.03842756783745,-84.59413944996136,7170,golfer
golfer_1,34.03839334522497,-84.59408419997425,7180,golfer
golfer_1,34.03835912261248,-84.59402894998712,7190,golfer
golfer_1,34.0383249,-84.5939737,7200,golfer
golfer_1,34.0383249,-84.5939737,7200,golfer
golfer_1,34.0383249,-84.5939737,7210,golfer
golfer_1,34.0383249,-84.5939737,7220,golfer
golfer_1,34.0383249,-84.5939737,7230,golfer
golfer_1,34.0383249,-84.5939737,7240,golfer
golfer_1,34.0383249,-84.5939737,7250,golfer
golfer_1,34.0383249,-84.5939737,7260,golfer
golfer_1,34.0383249,-84.5939737,7260,golfer
golfer_1,34.03814023333333,-84.59364501666667,7270,golfer
golfer_1,34.03795556666667,-84.59331633333333,7280,golfer
golfer_1,34.0377709,-84.59298765,7290,golfer
golfer_1,34.03758623333333,-84.59265896666668,7300,golfer
golfer_1,34.03740156666667,-84.59233028333334,7310,golfer
golfer_1,34.0372169,-84.5920016,7320,golfer
golfer_1,34.0372169,-84.5920016,7320,golfer
golfer_1,34.0372169,-84.5920016,7330,golfer
golfer_1,34.0372169,-84.5920016,7340,golfer
golfer_1,34.0372169,-84.5920016,7350,golfer
golfer_1,34.0372169,-84.5920016,7360,golfer
golfer_1,34.0372169,-84.5920016,7370,golfer
golfer_1,34.0372169,-84.5920016,7380,golfer
golfer_1,34.0372169,-84.5920016,7380,golfer
golfer_1,34.0371678287652,-84.59196868967925,7390,golfer
golfer_1,34.0371187575304,-84.5919357793585,7400,golfer
golfer_1,34.037069686295595,-84.59190286903774,7410,golfer
golfer_1,34.0370206150608,-84.59186995871698,7420,golfer
golfer_1,34.036971543826,-84.59183704839623,7430,golfer
golfer_1,34.0369224725912,-84.59180413807547,7440,golfer
golfer_1,34.0369224725912,-84.59180413807547,7440,golfer
golfer_1,34.0368734013564,-84.59177122775472,7450,golfer
golfer_1,34.0368243301216,-84.59173831743396,7460,golfer
golfer_1,34.0367752588868,-84.59170540711321,7470,golfer
golfer_1,34.036726187652,-84.59167249679244,7480,golfer
golfer_1,34.036677116417195,-84.59163958647169,7490,golfer
golfer_1,34.0366280451824,-84.59160667615093,7500,golfer
golfer_1,34.0366280451824,-84.59160667615093,7500,golfer
golfer_1,34.0365789739476,-84.59157376583018,7510,golfer
golfer_1,34.0365299027128,-84.59154085550942,7520,golfer
golfer_1,34.036480831478,-84.59150794518867,7530,golfer
golfer_1,34.0364317602432,-84.59147503486791,7540,golfer
golfer_1,34.0363826890084,-84.59144212454716,7550,golfer
golfer_1,34.0363336177736,-84.5914092142264,7560,golfer
golfer_1,34.0363336177736,-84.5914092142264,7560,golfer
golfer_1,34.0362845465388,-84.59137630390565,7570,golfer
golfer_1,34.036235475304,-84.59134339358489,7580,golfer
golfer_1,34.0361864040692,-84.59131048326412,7590,golfer
golfer_1,34.0361373328344,-84.59127757294337,7600,golfer
golfer_1,34.036088261599595,-84.59124466262261,7610,golfer
golfer_1,34.0360391903648,-84.59121175230186,7620,golfer
golfer_1,34.0360391903648,-84.59121175230186,7620,golfer
golfer_1,34.03599011913,-84.5911788419811,7630,golfer
golfer_1,34.0359410478952,-84.59114593166035,7640,golfer
golfer_1,34.035891976660395,-84.5911130213396,7650,golfer
golfer_1,34.035842905425596,-84.59108011101884,7660,golfer
golfer_1,34.0357938341908,-84.59104720069809,7670,golfer
golfer_1,34.035744762956,-84.59101429037733,7680,golfer
golfer_1,34.035744762956,-84.59101429037733,7680,golfer
golfer_1,34.0356956917212,-84.59098138005658,7690,golfer
golfer_1,34.0356466204864,-84.59094846973582,7700,golfer
golfer_1,34.035597549251605,-84.59091555941507,7710,golfer
golfer_1,34.0355484780168,-84.5908826490943,7720,golfer
golfer_1,34.035499406782,-84.59084973877354,7730,golfer
golfer_1,34.0354503355472,-84.59081682845279,7740,golfer
golfer_1,34.0354503355472,-84.59081682845279,7740,golfer
golfer_1,34.035393917590476,-84.59081085911355,7750,golfer
golfer_1,34.035337499633755,-84.5908048897743,7760,golfer
golfer_1,34.03528108167703,-84.59079892043505,7770,golfer
golfer_1,34.0352246637203,-84.5907929510958,7780,golfer
golfer_1,34.03516824576358,-84.59078698175657,7790,golfer
golfer_1,34.03511182780685,-84.59078101241732,7800,golfer
golfer_1,34.03511182780685,-84.59078101241732,7800,golfer
golfer_1,34.03505284292869,-84.59078445617192,7810,golfer
golfer_1,34.034993858050534,-84.59078789992651,7820,golfer
golfer_1,34.034934873172375,-84.5907913436811,7830,golfer
golfer_1,34.034875888294216,-84.5907947874357,7840,golfer
golfer_1,34.03481690341606,-84.59079823119029,7850,golfer
golfer_1,34.0347579185379,-84.59080167494488,7860,golfer
golfer_1,34.0347579185379,-84.59080167494488,7860,golfer
golfer_1,34.03469893365974,-84.59080511869948,7870,golfer
golfer_1,34.03463994878158,-84.59080856245407,7880,golfer
golfer_1,34.03458096390342,-84.59081200620867,7890,golfer
golfer_1,34.03452197902527,-84.59081544996326,7900,golfer
golfer_1,34.03446299414711,-84.59081889371785,7910,golfer
golfer_1,34.034404009268954,-84.59082233747245,7920,golfer
golfer_1,34.034404009268954,-84.59082233747245,7920,golfer
golfer_1,34.034345024390795,-84.59082578122704,7930,golfer
golfer_1,34.03428603951264,-84.59082922498163,7940,golfer
golfer_1,34.03422705463448,-84.59083266873623,7950,golfer
golfer_1,34.03416806975632,-84.59083611249082,7960,golfer
golfer_1,34.03410908487816,-84.59083955624541,7970,golfer
golfer_1,34.0340501,-84.590843,7980,golfer
golfer_1,34.0340501,-84.590843,7980,golfer
golfer_1,34.0340501,-84.590843,7990,golfer
golfer_1,34.0340501,-84.590843,8000,golfer
golfer_1,34.0340501,-84.590843,8010,golfer
golfer_1,34.0340501,-84.590843,8020,golfer
golfer_1,34.0340501,-84.590843,8030,golfer
golfer_1,34.0340501,-84.590843,8040,golfer
golfer_1,34.0340501,-84.590843,8040,golfer
golfer_1,34.03407970000001,-84.59099376666667,8050,golfer
golfer_1,34.034109300000004,-84.59114453333333,8060,golfer
golfer_1,34.0341389,-84.59129530000001,8070,golfer
golfer_1,34.03416850000001,-84.59144606666668,8080,golfer
golfer_1,34.03419810000001,-84.59159683333334,8090,golfer
golfer_1,34.03422770000001,-84.5917476,8100,golfer
golfer_1,34.03422770000001,-84.5917476,8100,golfer
golfer_1,34.03422770000001,-84.5917476,8110,golfer
golfer_1,34.03422770000001,-84.5917476,8120,golfer
golfer_1,34.03422770000001,-84.5917476,8130,golfer
golfer_1,34.03422770000001,-84.5917476,8140,golfer
golfer_1,34.03422770000001,-84.5917476,8150,golfer
golfer_1,34.03422770000001,-84.5917476,8160,golfer
golfer_1,34.03422770000001,-84.5917476,8160,golfer
golfer_1,34.0341480782246,-84.59174319622637,8170,golfer
golfer_1,34.03406845644918,-84.59173879245273,8180,golfer
golfer_1,34.033988834673764,-84.5917343886791,8190,golfer
golfer_1,34.03390921289835,-84.59172998490547,8200,golfer
golfer_1,34.03382959112293,-84.59172558113183,8210,golfer
golfer_1,34.03374996934752,-84.5917211773582,8220,golfer
golfer_1,34.03374996934752,-84.5917211773582,8220,golfer
golfer_1,34.033670347572105,-84.59171677358457,8230,golfer
golfer_1,34.03359072579669,-84.59171236981092,8240,golfer
golfer_1,34.03351110402127,-84.59170796603729,8250,golfer
golfer_1,34.03343148224586,-84.59170356226366,8260,golfer
golfer_1,34.03335186047045,-84.59169915849002,8270,golfer
golfer_1,34.033272238695034,-84.59169475471639,8280,golfer
golfer_1,34.033272238695034,-84.59169475471639,8280,golfer
golfer_1,34.03319261691962,-84.59169035094276,8290,golfer
golfer_1,34.0331129951442,-84.59168594716911,8300,golfer
golfer_1,34.03303337336879,-84.59168154339548,8310,golfer
golfer_1,34.032953751593375,-84.59167713962185,8320,golfer
golfer_1,34.032874129817955,-84.5916727358482,8330,golfer
golfer_1,34.03279450804254,-84.59166833207458,8340,golfer
golfer_1,34.03279450804254,-84.59166833207458,8340,golfer
golfer_1,34.03271488626713,-84.59166392830095,8350,golfer
golfer_1,34.03263526449171,-84.5916595245273,8360,golfer
golfer_1,34.0325556427163,-84.59165512075367,8370,golfer
golfer_1,34.032476020940884,-84.59165071698004,8380,golfer
golfer_1,34.032396399165464,-84.5916463132064,8390,golfer
golfer_1,34.03231677739005,-84.59164190943277,8400,golfer
golfer_1,34.03231677739005,-84.59164190943277,8400,golfer
golfer_1,34.03223715561464,-84.59163750565914,8410,golfer
golfer_1,34.03215753383922,-84.59163310188549,8420,golfer
golfer_1,34.032077912063805,-84.59162869811186,8430,golfer
golfer_1,34.03199829028839,-84.59162429433823,8440,golfer
golfer_1,34.03191866851297,-84.59161989056459,8450,golfer
golfer_1,34.03183904673756,-84.59161548679096,8460,golfer
golfer_1,34.03183904673756,-84.59161548679096,8460,golfer
golfer_1,34.03175942496215,-84.59161108301733,8470,golfer
golfer_1,34.031679803186734,-84.59160667924368,8480,golfer
golfer_1,34.03160018141132,-84.59160227547005,8490,golfer
golfer_1,34.0315205596359,-84.59159787169642,8500,golfer
golfer_1,34.03144093786049,-84.59159346792278,8510,golfer
golfer_1,34.031361316085075,-84.59158906414915,8520,golfer
golfer_1,34.031361316085075,-84.59158906414915,8520,golfer
golfer_1,34.0312900373958,-84.59162413395526,8530,golfer
golfer_1,34.03121875870653,-84.5916592037614,8540,golfer
golfer_1,34.03114748001725,-84.59169427356751,8550,golfer
golfer_1,34.03107620132798,-84.59172934337363,8560,golfer
golfer_1,34.03100492263871,-84.59176441317976,8570,golfer
golfer_1,34.03093364394943,-84.59179948298588,8580,golfer
golfer_1,34.03093364394943,-84.59179948298588,8580,golfer
golfer_1,34.03086261373002,-84.59183572837554,8590,golfer
golfer_1,34.030791583510606,-84.59187197376522,8600,golfer
golfer_1,34.03072055329119,-84.5919082191549,8610,golfer
golfer_1,34.03064952307178,-84.59194446454457,8620,golfer
golfer_1,34.03057849285237,-84.59198070993423,8630,golfer
golfer_1,34.030507462632954,-84.59201695532391,8640,golfer
golfer_1,34.030507462632954,-84.59201695532391,8640,golfer
golfer_1,34.03043643241354,-84.5920532007136,8650,golfer
golfer_1,34.03036540219413,-84.59208944610326,8660,golfer
golfer_1,34.03029437197472,-84.59212569149294,8670,golfer
golfer_1,34.0302233417553,-84.59216193688262,8680,golfer
golfer_1,34.030152311535886,-84.59219818227228,8690,golfer
golfer_1,34.03008128131648,-84.59223442766196,8700,golfer
golfer_1,34.03008128131648,-84.59223442766196,8700,golfer
golfer_1,34.03001025109707,-84.59227067305164,8710,golfer
golfer_1,34.02993922087765,-84.59230691844131,8720,golfer
golfer_1,34.029868190658235,-84.59234316383098,8730,golfer
golfer_1,34.029797160438825,-84.59237940922065,8740,golfer
golfer_1,34.029726130219416,-84.59241565461033,8750,golfer
golfer_1,34.0296551,-84.5924519,8760,golfer
golfer_1,34.0296551,-84.5924519,8760,golfer
golfer_1,34.0296551,-84.5924519,8770,golfer
golfer_1,34.0296551,-84.5924519,8780,golfer
golfer_1,34.0296551,-84.5924519,8790,golfer
golfer_1,34.0296551,-84.5924519,8800,golfer
golfer_1,34.0296551,-84.5924519,8810,golfer
golfer_1,34.0296551,-84.5924519,8820,golfer
golfer_1,34.0296551,-84.5924519,8820,golfer
golfer_1,34.0295632,-84.59247195,8830,golfer
golfer_1,34.0294713,-84.59249200000001,8840,golfer
golfer_1,34.029379399999996,-84.59251205000001,8850,golfer
golfer_1,34.0292875,-84.5925321,8860,golfer
golfer_1,34.0291956,-84.59255215,8870,golfer
golfer_1,34.0291037,-84.5925722,8880,golfer
golfer_1,34.0291037,-84.5925722,8880,golfer
golfer_1,34.0291037,-84.5925722,8890,golfer
golfer_1,34.0291037,-84.5925722,8900,golfer
golfer_1,34.0291037,-84.5925722,8910,golfer
golfer_1,34.0291037,-84.5925722,8920,golfer
golfer_1,34.0291037,-84.5925722,8930,golfer
golfer_1,34.0291037,-84.5925722,8940,golfer
golfer_1,34.0291037,-84.5925722,8940,golfer
golfer_1,34.02915458167093,-84.59261485466544,8950,golfer
golfer_1,34.02920546334185,-84.59265750933088,8960,golfer
golfer_1,34.02925634501278,-84.59270016399631,8970,golfer
golfer_1,34.02930722668371,-84.59274281866173,8980,golfer
golfer_1,34.029358108354636,-84.59278547332717,8990,golfer
golfer_1,34.029408990025566,-84.5928281279926,9000,golfer
golfer_1,34.029408990025566,-84.5928281279926,9000,golfer
golfer_1,34.029459871696496,-84.59287078265804,9010,golfer
golfer_1,34.02951075336742,-84.59291343732346,9020,golfer
golfer_1,34.02956163503835,-84.5929560919889,9030,golfer
golfer_1,34.02961251670928,-84.59299874665433,9040,golfer
golfer_1,34.0296633983802,-84.59304140131975,9050,golfer
golfer_1,34.02971428005113,-84.59308405598519,9060,golfer
golfer_1,34.02971428005113,-84.59308405598519,9060,golfer
golfer_1,34.029765161722054,-84.59312671065062,9070,golfer
golfer_1,34.029816043392984,-84.59316936531606,9080,golfer
golfer_1,34.029866925063914,-84.59321201998148,9090,golfer
golfer_1,34.02991780673484,-84.59325467464691,9100,golfer
golfer_1,34.02996868840576,-84.59329732931235,9110,golfer
golfer_1,34.03001957007669,-84.59333998397778,9120,golfer
golfer_1,34.03001957007669,-84.59333998397778,9120,golfer
golfer_1,34.03007045174762,-84.59338263864322,9130,golfer
golfer_1,34.03012133341854,-84.59342529330866,9140,golfer
golfer_1,34.03017221508947,-84.59346794797409,9150,golfer
golfer_1,34.0302230967604,-84.59351060263951,9160,golfer
golfer_1,34.030273978431325,-84.59355325730495,9170,golfer
golfer_1,34.030324860102255,-84.59359591197038,9180,golfer
golfer_1,34.030324860102255,-84.59359591197038,9180,golfer
golfer_1,34.030375741773184,-84.59363856663582,9190,golfer
golfer_1,34.03042662344411,-84.59368122130125,9200,golfer
golfer_1,34.03047750511504,-84.59372387596667,9210,golfer
golfer_1,34.03052838678597,-84.59376653063211,9220,golfer
golfer_1,34.03057926845689,-84.59380918529754,9230,golfer
golfer_1,34.03063015012782,-84.59385183996298,9240,golfer
golfer_1,34.03063015012782,-84.59385183996298,9240,golfer
golfer_1,34.03068103179875,-84.59389449462842,9250,golfer
golfer_1,34.03073191346967,-84.59393714929384,9260,golfer
golfer_1,34.0307827951406,-84.59397980395927,9270,golfer
golfer_1,34.03083367681153,-84.5940224586247,9280,golfer
golfer_1,34.030884558482455,-84.59406511329013,9290,golfer
golfer_1,34.030935440153385,-84.59410776795556,9300,golfer
golfer_1,34.030935440153385,-84.59410776795556,9300,golfer
golfer_1,34.030940233129,-84.59417308689102,9310,golfer
golfer_1,34.03094502610462,-84.59423840582647,9320,golfer
golfer_1,34.030949819080234,-84.59430372476191,9330,golfer
golfer_1,34.03095461205585,-84.59436904369737,9340,golfer
golfer_1,34.03095940503147,-84.59443436263282,9350,golfer
golfer_1,34.030964198007084,-84.59449968156828,9360,golfer
golfer_1,34.030964198007084,-84.59449968156828,9360,golfer
golfer_1,34.03096691478447,-84.59456602148116,9370,golfer
golfer_1,34.03096963156185,-84.59463236139402,9380,golfer
golfer_1,34.03097234833923,-84.5946987013069,9390,golfer
golfer_1,34.03097506511662,-84.59476504121977,9400,golfer
golfer_1,34.03097778189401,-84.59483138113264,9410,golfer
golfer_1,34.03098049867139,-84.59489772104551,9420,golfer
golfer_1,34.03098049867139,-84.59489772104551,9420,golfer
golfer_1,34.03098321544877,-84.59496406095839,9430,golfer
golfer_1,34.03098593222616,-84.59503040087127,9440,golfer
golfer_1,34.03098864900355,-84.59509674078413,9450,golfer
golfer_1,34.03099136578093,-84.595163080697,9460,golfer
golfer_1,34.03099408255831,-84.59522942060988,9470,golfer
golfer_1,34.030996799335696,-84.59529576052276,9480,golfer
golfer_1,34.030996799335696,-84.59529576052276,9480,golfer
golfer_1,34.030999516113084,-84.59536210043564,9490,golfer
golfer_1,34.031002232890465,-84.59542844034851,9500,golfer
golfer_1,34.031004949667846,-84.59549478026139,9510,golfer
golfer_1,34.031007666445234,-84.59556112017425,9520,golfer
golfer_1,34.03101038322262,-84.59562746008713,9530,golfer
golfer_1,34.0310131,-84.5956938,9540,golfer
golfer_1,34.0310131,-84.5956938,9540,golfer
golfer_1,34.0310131,-84.5956938,9550,golfer
golfer_1,34.0310131,-84.5956938,9560,golfer
golfer_1,34.0310131,-84.5956938,9570,golfer
golfer_1,34.0310131,-84.5956938,9580,golfer
golfer_1,34.0310131,-84.5956938,9590,golfer
golfer_1,34.0310131,-84.5956938,9600,golfer
golfer_1,34.0310131,-84.5956938,9600,golfer
golfer_1,34.03094563333333,-84.59575926666668,9610,golfer
golfer_1,34.03087816666667,-84.59582473333334,9620,golfer
golfer_1,34.0308107,-84.59589020000001,9630,golfer
golfer_1,34.03074323333333,-84.59595566666667,9640,golfer
golfer_1,34.03067576666666,-84.59602113333334,9650,golfer
golfer_1,34.0306083,-84.5960866,9660,golfer
golfer_1,34.0306083,-84.5960866,9660,golfer
golfer_1,34.0306083,-84.5960866,9670,golfer
golfer_1,34.0306083,-84.5960866,9680,golfer
golfer_1,34.0306083,-84.5960866,9690,golfer
golfer_1,34.0306083,-84.5960866,9700,golfer
golfer_1,34.0306083,-84.5960866,9710,golfer
golfer_1,34.0306083,-84.5960866,9720,golfer
golfer_1,34.0306083,-84.5960866,9720,golfer
golfer_1,34.030633525,-84.59610600666667,9730,golfer
golfer_1,34.03065875,-84.59612541333334,9740,golfer
golfer_1,34.030683975,-84.59614482,9750,golfer
golfer_1,34.0307092,-84.59616422666667,9760,golfer
golfer_1,34.030734425,-84.59618363333334,9770,golfer
golfer_1,34.03075965,-84.59620304,9780,golfer
golfer_1,34.03075965,-84.59620304,9780,golfer
golfer_1,34.030784875,-84.59622244666667,9790,golfer
golfer_1,34.0308101,-84.59624185333334,9800,golfer
golfer_1,34.030835325,-84.59626126,9810,golfer
golfer_1,34.03086055,-84.59628066666667,9820,golfer
golfer_1,34.030885774999994,-84.59630007333334,9830,golfer
golfer_1,34.030910999999996,-84.59631948,9840,golfer
golfer_1,34.030910999999996,-84.59631948,9840,golfer
golfer_1,34.030936225,-84.59633888666667,9850,golfer
golfer_1,34.03096145,-84.59635829333334,9860,golfer
golfer_1,34.030986674999994,-84.5963777,9870,golfer
golfer_1,34.031011899999996,-84.59639710666667,9880,golfer
golfer_1,34.031037125,-84.59641651333334,9890,golfer
golfer_1,34.03106235,-84.59643592,9900,golfer
golfer_1,34.03106235,-84.59643592,9900,golfer
golfer_1,34.031087575,-84.59645532666667,9910,golfer
golfer_1,34.031112799999995,-84.59647473333334,9920,golfer
golfer_1,34.031138025,-84.59649414,9930,golfer
golfer_1,34.03116325,-84.59651354666667,9940,golfer
golfer_1,34.03118847499999,-84.59653295333334,9950,golfer
golfer_1,34.031213699999995,-84.59655236,9960,golfer
golfer_1,34.031213699999995,-84.59655236,9960,golfer
golfer_1,34.031238925,-84.59657176666667,9970,golfer
golfer_1,34.03126415,-84.59659117333334,9980,golfer
golfer_1,34.031289375,-84.59661058,9990,golfer
golfer_1,34.031314599999995,-84.59662998666667,10000,golfer
golfer_1,34.031339824999996,-84.59664939333334,10010,golfer
golfer_1,34.03136505,-84.5966688,10020,golfer
golfer_1,34.03136505,-84.5966688,10020,golfer
golfer_1,34.031390275,-84.59668820666667,10030,golfer
golfer_1,34.0314155,-84.59670761333334,10040,golfer
golfer_1,34.031440724999996,-84.59672702,10050,golfer
golfer_1,34.03146595,-84.59674642666667,10060,golfer
golfer_1,34.031491175,-84.59676583333334,10070,golfer
golfer_1,34.0315164,-84.59678524,10080,golfer
golfer_1,34.0315164,-84.59678524,10080,golfer
golfer_1,34.031541625,-84.59680464666667,10090,golfer
golfer_1,34.03156685,-84.59682405333334,10100,golfer
golfer_1,34.031592075,-84.59684346,10110,golfer
golfer_1,34.0316173,-84.59686286666667,10120,golfer
golfer_1,34.031642524999995,-84.59688227333334,10130,golfer
golfer_1,34.03166775,-84.59690168,10140,golfer
golfer_1,34.03166775,-84.59690168,10140,golfer
golfer_1,34.031692975,-84.59692108666667,10150,golfer
golfer_1,34.0317182,-84.59694049333334,10160,golfer
golfer_1,34.031743425,-84.5969599,10170,golfer
golfer_1,34.03176865,-84.59697930666667,10180,golfer
golfer_1,34.031793875,-84.59699871333333,10190,golfer
golfer_1,34.0318191,-84.59701812,10200,golfer
golfer_1,34.0318191,-84.59701812,10200,golfer
golfer_1,34.031844325,-84.59703752666667,10210,golfer
golfer_1,34.031869549999996,-84.59705693333333,10220,golfer
golfer_1,34.031894775,-84.59707634,10230,golfer
golfer_1,34.03192,-84.59709574666667,10240,golfer
golfer_1,34.031945224999994,-84.59711515333333,10250,golfer
golfer_1,34.031970449999996,-84.59713456,10260,golfer
golfer_1,34.031970449999996,-84.59713456,10260,golfer
golfer_1,34.031995675,-84.59715396666667,10270,golfer
golfer_1,34.0320209,-84.59717337333333,10280,golfer
golfer_1,34.032046124999994,-84.59719278,10290,golfer
golfer_1,34.032071349999995,-84.59721218666667,10300,golfer
golfer_1,34.032096575,-84.59723159333333,10310,golfer
golfer_1,34.0321218,-84.597251,10320,golfer
golfer_1,34.0321218,-84.597251,10320,golfer
golfer_1,34.0321218,-84.597251,10330,golfer
golfer_1,34.0321218,-84.597251,10340,golfer
golfer_1,34.0321218,-84.597251,10350,golfer
golfer_1,34.0321218,-84.597251,10360,golfer
golfer_1,34.0321218,-84.597251,10370,golfer
golfer_1,34.0321218,-84.597251,10380,golfer
golfer_1,34.0321218,-84.597251,10380,golfer
golfer_1,34.03225085,-84.59724688333333,10390,golfer
golfer_1,34.0323799,-84.59724276666667,10400,golfer
golfer_1,34.03250895,-84.59723865000001,10410,golfer
golfer_1,34.032638,-84.59723453333334,10420,golfer
golfer_1,34.032767050000004,-84.59723041666666,10430,golfer
golfer_1,34.0328961,-84.5972263,10440,golfer
golfer_1,34.0328961,-84.5972263,10440,golfer
golfer_1,34.0328961,-84.5972263,10450,golfer
golfer_1,34.0328961,-84.5972263,10460,golfer
golfer_1,34.0328961,-84.5972263,10470,golfer
golfer_1,34.0328961,-84.5972263,10480,golfer
golfer_1,34.0328961,-84.5972263,10490,golfer
golfer_1,34.0328961,-84.5972263,10500,golfer
golfer_1,34.0328961,-84.5972263,10500,golfer
golfer_1,34.0328914256215,-84.59717174671053,10510,golfer
golfer_1,34.032886751243005,-84.59711719342106,10520,golfer
golfer_1,34.03288207686451,-84.59706264013158,10530,golfer
golfer_1,34.03287740248601,-84.5970080868421,10540,golfer
golfer_1,34.032872728107506,-84.59695353355262,10550,golfer
golfer_1,34.03286805372901,-84.59689898026315,10560,golfer
golfer_1,34.03286805372901,-84.59689898026315,10560,golfer
golfer_1,34.032863379350516,-84.59684442697368,10570,golfer
golfer_1,34.032858704972014,-84.59678987368419,10580,golfer
golfer_1,34.03285403059352,-84.59673532039471,10590,golfer
golfer_1,34.032849356215024,-84.59668076710524,10600,golfer
golfer_1,34.03284468183652,-84.59662621381575,10610,golfer
golfer_1,34.03284000745803,-84.59657166052628,10620,golfer
golfer_1,34.03284000745803,-84.59657166052628,10620,golfer
golfer_1,34.03283533307953,-84.5965171072368,10630,golfer
golfer_1,34.03283065870103,-84.59646255394733,10640,golfer
golfer_1,34.03282598432253,-84.59640800065785,10650,golfer
golfer_1,34.03282130994403,-84.59635344736837,10660,golfer
golfer_1,34.03281663556554,-84.5962988940789,10670,golfer
golfer_1,34.032811961187036,-84.59624434078943,10680,golfer
golfer_1,34.032811961187036,-84.59624434078943,10680,golfer
golfer_1,34.03280728680854,-84.59618978749995,10690,golfer
golfer_1,34.03280261243004,-84.59613523421048,10700,golfer
golfer_1,34.032797938051544,-84.596080680921,10710,golfer
golfer_1,34.03279326367305,-84.59602612763152,10720,golfer
golfer_1,34.03278858929455,-84.59597157434204,10730,golfer
golfer_1,34.03278391491605,-84.59591702105257,10740,golfer
golfer_1,34.03278391491605,-84.59591702105257,10740,golfer
golfer_1,34.03277924053755,-84.5958624677631,10750,golfer
golfer_1,34.032774566159055,-84.59580791447361,10760,golfer
golfer_1,34.03276989178056,-84.59575336118414,10770,golfer
golfer_1,34.03276521740206,-84.59569880789466,10780,golfer
golfer_1,34.03276054302356,-84.59564425460518,10790,golfer
golfer_1,34.03275586864506,-84.5955897013157,10800,golfer
golfer_1,34.03275586864506,-84.5955897013157,10800,golfer
golfer_1,34.03275119426657,-84.59553514802623,10810,golfer
golfer_1,34.032746519888065,-84.59548059473676,10820,golfer
golfer_1,34.03274184550957,-84.59542604144727,10830,golfer
golfer_1,34.032737171131075,-84.5953714881578,10840,golfer
golfer_1,34.03273249675257,-84.59531693486832,10850,golfer
golfer_1,34.03272782237408,-84.59526238157885,10860,golfer
golfer_1,34.03272782237408,-84.59526238157885,10860,golfer
golfer_1,34.03272314799558,-84.59520782828938,10870,golfer
golfer_1,34.03271847361708,-84.5951532749999,10880,golfer
golfer_1,34.03271379923858,-84.59509872171043,10890,golfer
golfer_1,34.032709124860084,-84.59504416842094,10900,golfer
golfer_1,34.03270445048159,-84.59498961513147,10910,golfer
golfer_1,34.03269977610309,-84.594935061842,10920,golfer
golfer_1,34.03269977610309,-84.594935061842,10920,golfer
golfer_1,34.032696195541305,-84.5948806264523,10930,golfer
golfer_1,34.03269261497953,-84.59482619106258,10940,golfer
golfer_1,34.03268903441775,-84.59477175567288,10950,golfer
golfer_1,34.03268545385597,-84.59471732028318,10960,golfer
golfer_1,34.032681873294194,-84.59466288489347,10970,golfer
golfer_1,34.03267829273241,-84.59460844950377,10980,golfer
golfer_1,34.03267829273241,-84.59460844950377,10980,golfer
golfer_1,34.03269448500471,-84.59455614537845,10990,golfer
golfer_1,34.03271067727701,-84.59450384125314,11000,golfer
golfer_1,34.03272686954931,-84.59445153712782,11010,golfer
golfer_1,34.032743061821606,-84.5943992330025,11020,golfer
golfer_1,34.032759254093904,-84.5943469288772,11030,golfer
golfer_1,34.0327754463662,-84.59429462475188,11040,golfer
golfer_1,34.0327754463662,-84.59429462475188,11040,golfer
golfer_1,34.0327916386385,-84.59424232062656,11050,golfer
golfer_1,34.0328078309108,-84.59419001650126,11060,golfer
golfer_1,34.032824023183096,-84.59413771237594,11070,golfer
golfer_1,34.0328402154554,-84.59408540825062,11080,golfer
golfer_1,34.0328564077277,-84.59403310412532,11090,golfer
golfer_1,34.0328726,-84.5939808,11100,golfer
golfer_1,34.0328726,-84.5939808,11100,golfer
golfer_1,34.0328726,-84.5939808,11110,golfer
golfer_1,34.0328726,-84.5939808,11120,golfer
golfer_1,34.0328726,-84.5939808,11130,golfer
golfer_1,34.0328726,-84.5939808,11140,golfer
golfer_1,34.0328726,-84.5939808,11150,golfer
golfer_1,34.0328726,-84.5939808,11160,golfer
golfer_1,34.0328726,-84.5939808,11160,golfer
golfer_1,34.03286331666666,-84.59393006666667,11170,golfer
golfer_1,34.03285403333333,-84.59387933333333,11180,golfer
golfer_1,34.032844749999995,-84.5938286,11190,golfer
golfer_1,34.03283546666667,-84.59377786666667,11200,golfer
golfer_1,34.032826183333334,-84.59372713333335,11210,golfer
golfer_1,34.0328169,-84.5936764,11220,golfer
golfer_1,34.0328169,-84.5936764,11220,golfer
golfer_1,34.0328169,-84.5936764,11230,golfer
golfer_1,34.0328169,-84.5936764,11240,golfer
golfer_1,34.0328169,-84.5936764,11250,golfer
golfer_1,34.0328169,-84.5936764,11260,golfer
golfer_1,34.0328169,-84.5936764,11270,golfer
golfer_1,34.0328169,-84.5936764,11280,golfer
golfer_1,34.0328169,-84.5936764,11280,golfer
golfer_1,34.032878589486415,-84.59367264515953,11290,golfer
golfer_1,34.03294027897284,-84.59366889031904,11300,golfer
golfer_1,34.03300196845926,-84.59366513547855,11310,golfer
golfer_1,34.033063657945675,-84.59366138063807,11320,golfer
golfer_1,34.03312534743209,-84.59365762579759,11330,golfer
golfer_1,34.03318703691851,-84.5936538709571,11340,golfer
golfer_1,34.03318703691851,-84.5936538709571,11340,golfer
golfer_1,34.03324872640493,-84.59365011611662,11350,golfer
golfer_1,34.03331041589135,-84.59364636127613,11360,golfer
golfer_1,34.033372105377765,-84.59364260643565,11370,golfer
golfer_1,34.03343379486418,-84.59363885159517,11380,golfer
golfer_1,34.0334954843506,-84.59363509675468,11390,golfer
golfer_1,34.03355717383702,-84.5936313419142,11400,golfer
golfer_1,34.03355717383702,-84.5936313419142,11400,golfer
golfer_1,34.03361886332344,-84.59362758707371,11410,golfer
golfer_1,34.033680552809855,-84.59362383223323,11420,golfer
golfer_1,34.03374224229627,-84.59362007739276,11430,golfer
golfer_1,34.03380393178269,-84.59361632255226,11440,golfer
golfer_1,34.033865621269115,-84.59361256771177,11450,golfer
golfer_1,34.03392731075553,-84.5936088128713,11460,golfer
golfer_1,34.03392731075553,-84.5936088128713,11460,golfer
golfer_1,34.033989000241945,-84.59360505803082,11470,golfer
golfer_1,34.03405068972837,-84.59360130319033,11480,golfer
golfer_1,34.03411237921479,-84.59359754834985,11490,golfer
golfer_1,34.034174068701205,-84.59359379350937,11500,golfer
golfer_1,34.03423575818762,-84.59359003866888,11510,golfer
golfer_1,34.03429744767404,-84.5935862838284,11520,golfer
golfer_1,34.03429744767404,-84.5935862838284,11520,golfer
golfer_1,34.03435913716046,-84.59358252898792,11530,golfer
golfer_1,34.03442082664688,-84.59357877414743,11540,golfer
golfer_1,34.034482516133295,-84.59357501930694,11550,golfer
golfer_1,34.03454420561971,-84.59357126446646,11560,golfer
golfer_1,34.03460589510613,-84.59356750962598,11570,golfer
golfer_1,34.03466758459255,-84.59356375478549,11580,golfer
golfer_1,34.03466758459255,-84.59356375478549,11580,golfer
golfer_1,34.03472927407897,-84.59355999994501,11590,golfer
golfer_1,34.034790963565385,-84.59355624510452,11600,golfer
golfer_1,34.0348526530518,-84.59355249026405,11610,golfer
golfer_1,34.03491434253822,-84.59354873542357,11620,golfer
golfer_1,34.034976032024645,-84.59354498058308,11630,golfer
golfer_1,34.03503772151106,-84.5935412257426,11640,golfer
golfer_1,34.03503772151106,-84.5935412257426,11640,golfer
golfer_1,34.03509840082733,-84.59354395905595,11650,golfer
golfer_1,34.0351590801436,-84.5935466923693,11660,golfer
golfer_1,34.03521975945987,-84.59354942568265,11670,golfer
golfer_1,34.03528043877614,-84.59355215899602,11680,golfer
golfer_1,34.03534111809241,-84.59355489230937,11690,golfer
golfer_1,34.03540179740868,-84.59355762562272,11700,golfer
golfer_1,34.03540179740868,-84.59355762562272,11700,golfer
golfer_1,34.03545942533042,-84.59357995753257,11710,golfer
golfer_1,34.035517053252164,-84.59360228944242,11720,golfer
golfer_1,34.0355746811739,-84.59362462135226,11730,golfer
golfer_1,34.03563230909564,-84.59364695326212,11740,golfer
golfer_1,34.03568993701738,-84.59366928517197,11750,golfer
golfer_1,34.03574756493912,-84.59369161708182,11760,golfer
golfer_1,34.03574756493912,-84.59369161708182,11760,golfer
golfer_1,34.03580519286086,-84.59371394899166,11770,golfer
golfer_1,34.035862820782604,-84.59373628090151,11780,golfer
golfer_1,34.035920448704346,-84.59375861281137,11790,golfer
golfer_1,34.03597807662608,-84.59378094472122,11800,golfer
golfer_1,34.03603570454782,-84.59380327663106,11810,golfer
golfer_1,34.03609333246956,-84.59382560854091,11820,golfer
golfer_1,34.03609333246956,-84.59382560854091,11820,golfer
golfer_1,34.0361509603913,-84.59384794045076,11830,golfer
golfer_1,34.036208588313045,-84.5938702723606,11840,golfer
golfer_1,34.03626621623478,-84.59389260427045,11850,golfer
golfer_1,34.03632384415652,-84.59391493618031,11860,golfer
golfer_1,34.03638147207826,-84.59393726809016,11870,golfer
golfer_1,34.0364391,-84.5939596,11880,golfer
golfer_1,34.0364391,-84.5939596,11880,golfer
golfer_1,34.0364391,-84.5939596,11890,golfer
golfer_1,34.0364391,-84.5939596,11900,golfer
golfer_1,34.0364391,-84.5939596,11910,golfer
golfer_1,34.0364391,-84.5939596,11920,golfer
golfer_1,34.0364391,-84.5939596,11930,golfer
golfer_1,34.0364391,-84.5939596,11940,golfer
golfer_1,34.0364391,-84.5939596,11940,golfer
golfer_1,34.03647185,-84.59405396666668,11950,golfer
golfer_1,34.0365046,-84.59414833333334,11960,golfer
golfer_1,34.03653735,-84.5942427,11970,golfer
golfer_1,34.0365701,-84.59433706666667,11980,golfer
golfer_1,34.036602849999994,-84.59443143333334,11990,golfer
golfer_1,34.0366356,-84.5945258,12000,golfer
golfer_1,34.0366356,-84.5945258,12000,golfer
golfer_1,34.0366356,-84.5945258,12010,golfer
golfer_1,34.0366356,-84.5945258,12020,golfer
golfer_1,34.0366356,-84.5945258,12030,golfer
golfer_1,34.0366356,-84.5945258,12040,golfer
golfer_1,34.0366356,-84.5945258,12050,golfer
golfer_1,34.0366356,-84.5945258,12060,golfer
golfer_1,34.0366356,-84.5945258,12060,golfer
golfer_1,34.036583424410786,-84.59452050529976,12070,golfer
golfer_1,34.03653124882157,-84.5945152105995,12080,golfer
golfer_1,34.03647907323236,-84.59450991589925,12090,golfer
golfer_1,34.036426897643146,-84.59450462119901,12100,golfer
golfer_1,34.03637472205393,-84.59449932649875,12110,golfer
golfer_1,34.03632254646472,-84.5944940317985,12120,golfer
golfer_1,34.03632254646472,-84.5944940317985,12120,golfer
golfer_1,34.036270370875506,-84.59448873709826,12130,golfer
golfer_1,34.036218195286295,-84.594483442398,12140,golfer
golfer_1,34.03616601969708,-84.59447814769776,12150,golfer
golfer_1,34.03611384410787,-84.59447285299751,12160,golfer
golfer_1,34.036061668518656,-84.59446755829725,12170,golfer
golfer_1,34.036009492929445,-84.59446226359701,12180,golfer
golfer_1,34.036009492929445,-84.59446226359701,12180,golfer
golfer_1,34.035957317340234,-84.59445696889676,12190,golfer
golfer_1,34.035905141751016,-84.5944516741965,12200,golfer
golfer_1,34.035852966161805,-84.59444637949625,12210,golfer
golfer_1,34.035800790572594,-84.594441084796,12220,golfer
golfer_1,34.035748614983376,-84.59443579009576,12230,golfer
golfer_1,34.035696439394165,-84.5944304953955,12240,golfer
golfer_1,34.035696439394165,-84.5944304953955,12240,golfer
golfer_1,34.035644263804954,-84.59442520069526,12250,golfer
golfer_1,34.03559208821574,-84.594419905995,12260,golfer
golfer_1,34.03553991262653,-84.59441461129475,12270,golfer
golfer_1,34.035487737037315,-84.59440931659451,12280,golfer
golfer_1,34.035435561448104,-84.59440402189425,12290,golfer
golfer_1,34.03538338585889,-84.594398727194,12300,golfer
golfer_1,34.03538338585889,-84.594398727194,12300,golfer
golfer_1,34.03533121026968,-84.59439343249376,12310,golfer
golfer_1,34.035279034680464,-84.5943881377935,12320,golfer
golfer_1,34.03522685909125,-84.59438284309326,12330,golfer
golfer_1,34.03517468350204,-84.59437754839301,12340,golfer
golfer_1,34.035122507912824,-84.59437225369275,12350,golfer
golfer_1,34.03507033232361,-84.59436695899251,12360,golfer
golfer_1,34.03507033232361,-84.59436695899251,12360,golfer
golfer_1,34.0350181567344,-84.59436166429226,12370,golfer
golfer_1,34.03496598114519,-84.594356369592,12380,golfer
golfer_1,34.03491380555597,-84.59435107489176,12390,golfer
golfer_1,34.03486162996676,-84.59434578019152,12400,golfer
golfer_1,34.03480945437755,-84.59434048549126,12410,golfer
golfer_1,34.03475727878834,-84.59433519079101,12420,golfer
golfer_1,34.03475727878834,-84.59433519079101,12420,golfer
golfer_1,34.03470510319913,-84.59432989609077,12430,golfer
golfer_1,34.03465292760991,-84.59432460139051,12440,golfer
golfer_1,34.0346007520207,-84.59431930669027,12450,golfer
golfer_1,34.03454857643149,-84.59431401199002,12460,golfer
golfer_1,34.03449640084227,-84.59430871728976,12470,golfer
golfer_1,34.03444422525306,-84.59430342258952,12480,golfer
golfer_1,34.03444422525306,-84.59430342258952,12480,golfer
golfer_1,34.034414336025606,-84.59434208469489,12490,golfer
golfer_1,34.03438444679816,-84.59438074680025,12500,golfer
golfer_1,34.0343545575707,-84.59441940890562,12510,golfer
golfer_1,34.034324668343245,-84.594458071011,12520,golfer
golfer_1,34.0342947791158,-84.59449673311637,12530,golfer
golfer_1,34.03426488988834,-84.59453539522174,12540,golfer
golfer_1,34.03426488988834,-84.59453539522174,12540,golfer
golfer_1,34.03423832406431,-84.59458061228659,12550,golfer
golfer_1,34.03421175824028,-84.59462582935144,12560,golfer
golfer_1,34.03418519241626,-84.5946710464163,12570,golfer
golfer_1,34.03415862659223,-84.59471626348116,12580,golfer
golfer_1,34.0341320607682,-84.59476148054601,12590,golfer
golfer_1,34.03410549494417,-84.59480669761086,12600,golfer
golfer_1,34.03410549494417,-84.59480669761086,12600,golfer
golfer_1,34.03407892912014,-84.59485191467571,12610,golfer
golfer_1,34.03405236329611,-84.59489713174058,12620,golfer
golfer_1,34.03402579747208,-84.59494234880543,12630,golfer
golfer_1,34.03399923164806,-84.59498756587028,12640,golfer
golfer_1,34.03397266582403,-84.59503278293515,12650,golfer
golfer_1,34.0339461,-84.595078,12660,golfer
golfer_1,34.0339461,-84.595078,12660,golfer
golfer_1,34.0339461,-84.595078,12670,golfer
golfer_1,34.0339461,-84.595078,12680,golfer
golfer_1,34.0339461,-84.595078,12690,golfer
golfer_1,34.0339461,-84.595078,12700,golfer
golfer_1,34.0339461,-84.595078,12710,golfer
golfer_1,34.0339461,-84.595078,12720,golfer
golfer_1,34.0339461,-84.595078,12720,golfer
golfer_1,34.033850783333335,-84.59503965,12730,golfer
golfer_1,34.03375546666667,-84.5950013,12740,golfer
golfer_1,34.03366015,-84.59496295,12750,golfer
golfer_1,34.03356483333333,-84.5949246,12760,golfer
golfer_1,34.03346951666666,-84.59488625,12770,golfer
golfer_1,34.0333742,-84.5948479,12780,golfer
golfer_1,34.0333742,-84.5948479,12780,golfer
golfer_1,34.0333742,-84.5948479,12790,golfer
golfer_1,34.0333742,-84.5948479,12800,golfer
golfer_1,34.0333742,-84.5948479,12810,golfer
golfer_1,34.0333742,-84.5948479,12820,golfer
golfer_1,34.0333742,-84.5948479,12830,golfer
golfer_1,34.0333742,-84.5948479,12840,golfer
golfer_1,34.0333742,-84.5948479,12840,golfer
golfer_1,34.03337219466574,-84.59488022497928,12850,golfer
golfer_1,34.03337018933148,-84.59491254995854,12860,golfer
golfer_1,34.033368183997226,-84.5949448749378,12870,golfer
golfer_1,34.033366178662966,-84.59497719991707,12880,golfer
golfer_1,34.03336417332871,-84.59500952489634,12890,golfer
golfer_1,34.03336216799445,-84.5950418498756,12900,golfer
golfer_1,34.03336216799445,-84.5950418498756,12900,golfer
golfer_1,34.03336016266019,-84.59507417485486,12910,golfer
golfer_1,34.03335815732593,-84.59510649983413,12920,golfer
golfer_1,34.03335615199167,-84.5951388248134,12930,golfer
golfer_1,34.033354146657416,-84.59517114979266,12940,golfer
golfer_1,34.03335214132316,-84.59520347477192,12950,golfer
golfer_1,34.0333501359889,-84.5952357997512,12960,golfer
golfer_1,34.0333501359889,-84.5952357997512,12960,golfer
golfer_1,34.03334813065464,-84.59526812473047,12970,golfer
golfer_1,34.03334612532038,-84.59530044970973,12980,golfer
golfer_1,34.033344119986126,-84.595332774689,12990,golfer
golfer_1,34.033342114651866,-84.59536509966827,13000,golfer
golfer_1,34.03334010931761,-84.59539742464753,13010,golfer
golfer_1,34.03333810398335,-84.5954297496268,13020,golfer
golfer_1,34.03333810398335,-84.5954297496268,13020,golfer
golfer_1,34.03333609866879,-84.5954620746073,13030,golfer
golfer_1,34.033334093354235,-84.59549439958778,13040,golfer
golfer_1,34.03333208803967,-84.59552672456826,13050,golfer
golfer_1,34.033330082725115,-84.59555904954875,13060,golfer
golfer_1,34.03332807741056,-84.59559137452925,13070,golfer
golfer_1,34.033326072096,-84.59562369950973,13080,golfer
golfer_1,34.033326072096,-84.59562369950973,13080,golfer
golfer_1,34.03332406731556,-84.59565602452335,13090,golfer
golfer_1,34.03332206253511,-84.59568834953697,13100,golfer
golfer_1,34.033320057754665,-84.59572067455059,13110,golfer
golfer_1,34.033318052974224,-84.5957529995642,13120,golfer
golfer_1,34.03331604819378,-84.59578532457782,13130,golfer
golfer_1,34.033314043413334,-84.59581764959144,13140,golfer
golfer_1,34.033314043413334,-84.59581764959144,13140,golfer
golfer_1,34.033312038632886,-84.59584997460506,13150,golfer
golfer_1,34.033310033852445,-84.59588229961868,13160,golfer
golfer_1,34.033308029072,-84.59591462463229,13170,golfer
golfer_1,34.033306024291555,-84.5959469496459,13180,golfer
golfer_1,34.03330401951111,-84.59597927465953,13190,golfer
golfer_1,34.033302014730666,-84.59601159967315,13200,golfer
golfer_1,34.033302014730666,-84.59601159967315,13200,golfer
golfer_1,34.033300009950224,-84.59604392468677,13210,golfer
golfer_1,34.033298005169776,-84.59607624970039,13220,golfer
golfer_1,34.03329600038933,-84.59610857471401,13230,golfer
golfer_1,34.03329399560889,-84.59614089972762,13240,golfer
golfer_1,34.033291990828445,-84.59617322474124,13250,golfer
golfer_1,34.033289986048,-84.59620554975486,13260,golfer
golfer_1,34.033289986048,-84.59620554975486,13260,golfer
golfer_1,34.033287981267556,-84.59623787476848,13270,golfer
golfer_1,34.03328597648711,-84.5962701997821,13280,golfer
golfer_1,34.033283971706666,-84.5963025247957,13290,golfer
golfer_1,34.033281966926225,-84.59633484980932,13300,golfer
golfer_1,34.03327996214578,-84.59636717482294,13310,golfer
golfer_1,34.033277957365335,-84.59639949983656,13320,golfer
golfer_1,34.033277957365335,-84.59639949983656,13320,golfer
golfer_1,34.03327595258489,-84.59643182485019,13330,golfer
golfer_1,34.033273947804446,-84.5964641498638,13340,golfer
golfer_1,34.033271943024005,-84.59649647487743,13350,golfer
golfer_1,34.033269938243556,-84.59652879989103,13360,golfer
golfer_1,34.03326793346311,-84.59656112490465,13370,golfer
golfer_1,34.03326592868267,-84.59659344991827,13380,golfer
golfer_1,34.03326592868267,-84.59659344991827,13380,golfer
golfer_1,34.033263923902226,-84.5966257749319,13390,golfer
golfer_1,34.03326191912178,-84.59665809994551,13400,golfer
golfer_1,34.03325991434133,-84.59669042495912,13410,golfer
golfer_1,34.03325790956089,-84.59672274997274,13420,golfer
golfer_1,34.03325590478045,-84.59675507498636,13430,golfer
golfer_1,34.0332539,-84.59678739999998,13440,golfer
golfer_1,34.0332539,-84.59678739999998,13440,golfer
golfer_1,34.0332539,-84.59678739999998,13450,golfer
golfer_1,34.0332539,-84.59678739999998,13460,golfer
golfer_1,34.0332539,-84.59678739999998,13470,golfer
golfer_1,34.0332539,-84.59678739999998,13480,golfer
golfer_1,34.0332539,-84.59678739999998,13490,golfer
golfer_1,34.0332539,-84.59678739999998,13500,golfer
golfer_1,34.0332539,-84.59678739999998,13500,golfer
golfer_1,34.033324783333335,-84.59677973333332,13510,golfer
golfer_1,34.033395666666664,-84.59677206666666,13520,golfer
golfer_1,34.03346655,-84.59676439999998,13530,golfer
golfer_1,34.033537433333336,-84.59675673333332,13540,golfer
golfer_1,34.033608316666665,-84.59674906666666,13550,golfer
golfer_1,34.0336792,-84.5967414,13560,golfer
golfer_1,34.0336792,-84.5967414,13560,golfer
golfer_1,34.0336792,-84.5967414,13570,golfer
golfer_1,34.0336792,-84.5967414,13580,golfer
golfer_1,34.0336792,-84.5967414,13590,golfer
golfer_1,34.0336792,-84.5967414,13600,golfer
golfer_1,34.0336792,-84.5967414,13610,golfer
golfer_1,34.0336792,-84.5967414,13620,golfer
golfer_1,34.0336792,-84.5967414,13620,golfer
golfer_1,34.03375358945587,-84.59672376540962,13630,golfer
golfer_1,34.03382797891173,-84.59670613081926,13640,golfer
golfer_1,34.0339023683676,-84.59668849622888,13650,golfer
golfer_1,34.03397675782347,-84.5966708616385,13660,golfer
golfer_1,34.03405114727933,-84.59665322704814,13670,golfer
golfer_1,34.034125536735196,-84.59663559245776,13680,golfer
golfer_1,34.034125536735196,-84.59663559245776,13680,golfer
golfer_1,34.034199926191064,-84.59661795786738,13690,golfer
golfer_1,34.03427431564693,-84.59660032327702,13700,golfer
golfer_1,34.0343487051028,-84.59658268868665,13710,golfer
golfer_1,34.03442309455866,-84.59656505409627,13720,golfer
golfer_1,34.03449748401453,-84.5965474195059,13730,golfer
golfer_1,34.0345718734704,-84.59652978491553,13740,golfer
golfer_1,34.0345718734704,-84.59652978491553,13740,golfer
golfer_1,34.034646262926266,-84.59651215032515,13750,golfer
golfer_1,34.03472065238213,-84.59649451573479,13760,golfer
golfer_1,34.034795041837995,-84.59647688114441,13770,golfer
golfer_1,34.03486943129386,-84.59645924655403,13780,golfer
golfer_1,34.034943820749724,-84.59644161196367,13790,golfer
golfer_1,34.03501821020559,-84.59642397737329,13800,golfer
golfer_1,34.03501821020559,-84.59642397737329,13800,golfer
golfer_1,34.03509259966146,-84.59640634278291,13810,golfer
golfer_1,34.03516698911732,-84.59638870819255,13820,golfer
golfer_1,34.03524137857319,-84.59637107360217,13830,golfer
golfer_1,34.03531576802906,-84.59635343901179,13840,golfer
golfer_1,34.03539015748492,-84.59633580442143,13850,golfer
golfer_1,34.03546454694079,-84.59631816983105,13860,golfer
golfer_1,34.03546454694079,-84.59631816983105,13860,golfer
golfer_1,34.035538936396655,-84.59630053524067,13870,golfer
golfer_1,34.03561332585252,-84.59628290065031,13880,golfer
golfer_1,34.035687715308384,-84.59626526605993,13890,golfer
golfer_1,34.03576210476425,-84.59624763146955,13900,golfer
golfer_1,34.03583649422012,-84.59622999687919,13910,golfer
golfer_1,34.03591088367599,-84.59621236228881,13920,golfer
golfer_1,34.03591088367599,-84.59621236228881,13920,golfer
golfer_1,34.03597037983797,-84.59617377496164,13930,golfer
golfer_1,34.03602987599995,-84.59613518763449,13940,golfer
golfer_1,34.036089372161925,-84.59609660030732,13950,golfer
golfer_1,34.036148868323906,-84.59605801298015,13960,golfer
golfer_1,34.03620836448589,-84.596019425653,13970,golfer
golfer_1,34.03626786064787,-84.59598083832583,13980,golfer
golfer_1,34.03626786064787,-84.59598083832583,13980,golfer
golfer_1,34.03630896645421,-84.59591637839559,13990,golfer
golfer_1,34.03635007226055,-84.59585191846534,14000,golfer
golfer_1,34.036391178066886,-84.5957874585351,14010,golfer
golfer_1,34.036432283873225,-84.59572299860486,14020,golfer
golfer_1,34.036473389679564,-84.59565853867461,14030,golfer
golfer_1,34.0365144954859,-84.59559407874437,14040,golfer
golfer_1,34.0365144954859,-84.59559407874437,14040,golfer
golfer_1,34.03655560129224,-84.59552961881413,14050,golfer
golfer_1,34.03659670709858,-84.59546515888388,14060,golfer
golfer_1,34.03663781290492,-84.59540069895365,14070,golfer
golfer_1,34.03667891871126,-84.59533623902341,14080,golfer
golfer_1,34.0367200245176,-84.59527177909317,14090,golfer
golfer_1,34.03676113032394,-84.59520731916292,14100,golfer
golfer_1,34.03676113032394,-84.59520731916292,14100,golfer
golfer_1,34.03680223613028,-84.59514285923268,14110,golfer
golfer_1,34.03684334193662,-84.59507839930244,14120,golfer
golfer_1,34.03688444774295,-84.5950139393722,14130,golfer
golfer_1,34.03692555354929,-84.59494947944195,14140,golfer
golfer_1,34.03696665935563,-84.59488501951171,14150,golfer
golfer_1,34.03700776516197,-84.59482055958146,14160,golfer
golfer_1,34.03700776516197,-84.59482055958146,14160,golfer
golfer_1,34.037048870968306,-84.59475609965122,14170,golfer
golfer_1,34.037089976774645,-84.59469163972098,14180,golfer
golfer_1,34.037131082580984,-84.59462717979073,14190,golfer
golfer_1,34.03717218838732,-84.59456271986049,14200,golfer
golfer_1,34.03721329419366,-84.59449825993025,14210,golfer
golfer_1,34.0372544,-84.5944338,14220,golfer
golfer_1,34.0372544,-84.5944338,14220,golfer
golfer_1,34.0372544,-84.5944338,14230,golfer
golfer_1,34.0372544,-84.5944338,14240,golfer
golfer_1,34.0372544,-84.5944338,14250,golfer
golfer_1,34.0372544,-84.5944338,14260,golfer
golfer_1,34.0372544,-84.5944338,14270,golfer
golfer_1,34.0372544,-84.5944338,14280,golfer
golfer_1,34.0372544,-84.5944338,14280,golfer
golfer_1,34.037362,-84.5941615,14290,golfer
golfer_1,34.0374696,-84.5938892,14300,golfer
golfer_1,34.0375772,-84.5936169,14310,golfer
golfer_1,34.0376848,-84.5933446,14320,golfer
golfer_1,34.0377924,-84.5930723,14330,golfer
golfer_1,34.0379,-84.5928,14340,golfer
golfer_1,34.0379,-84.5928,14340,golfer
